# ************************************************************
# Sequel Pro SQL dump
# Version 4541
#
# http://www.sequelpro.com/
# https://github.com/sequelpro/sequelpro
#
# Host: 10.111.32.144 (MySQL 5.7.22)
# Database: rcs2
# Generation Time: 2018-06-21 03:39:01 +0000
# ************************************************************


/*!40101 SET @OLD_CHARACTER_SET_CLIENT=@@CHARACTER_SET_CLIENT */;
/*!40101 SET @OLD_CHARACTER_SET_RESULTS=@@CHARACTER_SET_RESULTS */;
/*!40101 SET @OLD_COLLATION_CONNECTION=@@COLLATION_CONNECTION */;
/*!40101 SET NAMES utf8 */;
/*!40014 SET @OLD_FOREIGN_KEY_CHECKS=@@FOREIGN_KEY_CHECKS, FOREIGN_KEY_CHECKS=0 */;
/*!40101 SET @OLD_SQL_MODE=@@SQL_MODE, SQL_MODE='NO_AUTO_VALUE_ON_ZERO' */;
/*!40111 SET @OLD_SQL_NOTES=@@SQL_NOTES, SQL_NOTES=0 */;


# Dump of table engine_data_type
# ------------------------------------------------------------

DROP TABLE IF EXISTS `engine_data_type`;

CREATE TABLE `engine_data_type` (
  `id` int(11) unsigned NOT NULL AUTO_INCREMENT,
  `type_name` varchar(50) DEFAULT NULL,
  `parent_id` int(11) DEFAULT NULL,
  PRIMARY KEY (`id`)
) ENGINE=InnoDB DEFAULT CHARSET=utf8;

LOCK TABLES `engine_data_type` WRITE;
/*!40000 ALTER TABLE `engine_data_type` DISABLE KEYS */;

INSERT INTO `engine_data_type` (`id`, `type_name`, `parent_id`)
VALUES
	(1,'集奥聚合',0),
	(2,'身份验证',1),
	(3,'位置信息',1),
	(4,'手机号信息查验',1),
	(5,'社交验证',1),
	(6,'手机终端识别',1),
	(7,'多平台借贷识别',1),
	(8,'逾期识别',1),
	(9,'欺诈识别',1),
	(10,'涉诉与失信',1),
	(11,'风险IP识别',1),
	(12,'银行账号风险识别',1),
	(13,'银行卡交易信息查验与评分',1),
	(14,'同盾',0),
	(15,'信贷保镖',14);

/*!40000 ALTER TABLE `engine_data_type` ENABLE KEYS */;
UNLOCK TABLES;


# Dump of table engine_raw_fields
# ------------------------------------------------------------

DROP TABLE IF EXISTS `engine_raw_fields`;

CREATE TABLE `engine_raw_fields` (
  `id` bigint(20) unsigned NOT NULL AUTO_INCREMENT COMMENT '字段编号',
  `name` varchar(255) DEFAULT NULL COMMENT '字段名称',
  `inter_id` bigint(20) DEFAULT NULL COMMENT '接口id',
  `field_type` int(255) DEFAULT NULL COMMENT '字段类型',
  `data_type` int(255) DEFAULT NULL COMMENT '数据分类',
  `describ` varchar(255) DEFAULT NULL COMMENT '显示名',
  `active` int(1) DEFAULT '0' COMMENT '激活状态（0：禁用，1：激活）',
  `verify` int(11) DEFAULT '0' COMMENT '审核状态（0：未审核， 1：未审核，2：已通过，3：未通过）',
  `add_user` varchar(255) DEFAULT NULL COMMENT '添加人',
  `add_time` datetime DEFAULT NULL COMMENT '添加时间',
  `describtion` varchar(255) DEFAULT NULL COMMENT '描述',
  PRIMARY KEY (`id`)
) ENGINE=InnoDB DEFAULT CHARSET=utf8;

LOCK TABLES `engine_raw_fields` WRITE;
/*!40000 ALTER TABLE `engine_raw_fields` DISABLE KEYS */;

INSERT INTO `engine_raw_fields` (`id`, `name`, `inter_id`, `field_type`, `data_type`, `describ`, `active`, `verify`, `add_user`, `add_time`, `describtion`)
VALUES
	(10001,'province',10001,2,4,'省份',1,1,'集奥聚合','2018-01-01 00:00:00','暂无返回值描述'),
	(10002,'city',10001,2,4,'城市',1,1,'集奥聚合','2018-01-01 00:00:00','暂无返回值描述'),
	(10003,'isp',10001,2,4,'运营商',1,1,'集奥聚合','2018-01-01 00:00:00','暂无返回值描述'),
	(10004,'onlineTime',10001,2,4,'在网时长',1,1,'集奥聚合','2018-01-01 00:00:00','暂无返回值描述'),
	(10005,'onlineStatus',10002,2,4,'在网状态',1,1,'集奥聚合','2018-01-01 00:00:00','暂无返回值描述'),
	(10006,'IdPhoneNameValidate',10003,2,4,'手机身份证号姓名验证',1,1,'集奥聚合','2018-01-01 00:00:00','暂无返回值描述'),
	(10007,'outOfServiceTimes',10004,1,4,'三月内停机次数',1,1,'集奥聚合','2018-01-01 00:00:00','暂无返回值描述'),
	(10008,'consumerGrade',10005,2,2,'手机实名验证',1,1,'集奥聚合','2018-01-01 00:00:00','暂无返回值描述'),
	(10009,'phoneModel',10006,2,6,'手机型号',1,1,'集奥聚合','2018-01-01 00:00:00','暂无返回值描述'),
	(10010,'IdPhoneValidate',10007,2,2,'手机身份证号验证',1,1,'集奥聚合','2018-01-01 00:00:00','暂无返回值描述'),
	(10011,'phoneGroupValidate',10008,2,2,'手机集团客户验证',1,1,'集奥聚合','2018-01-01 00:00:00','暂无返回值描述'),
	(10012,'onlineTimePlus',10009,2,4,'在网时长详细',1,1,'集奥聚合','2018-01-01 00:00:00','暂无返回值描述'),
	(10013,'consumerGradePlus',10010,2,4,'消费等级详细',1,1,'集奥聚合','2018-01-01 00:00:00','暂无返回值描述'),
	(10014,'frequentContactsValidate',10011,2,5,'常用联系人验证',1,1,'集奥聚合','2018-01-01 00:00:00','暂无返回值描述'),
	(10015,'workPlaceValidate',10012,2,3,'工作地经纬度验证',1,1,'集奥聚合','2018-01-01 00:00:00','暂无返回值描述'),
	(10016,'residenceValidate',10013,2,3,'居住地经纬度验证',1,1,'集奥聚合','2018-01-01 00:00:00','暂无返回值描述'),
	(10017,'currentCityValidate',10014,2,3,'实时城市验证',1,1,'集奥聚合','2018-01-01 00:00:00','暂无返回值描述'),
	(10018,'CallTimes',10015,2,5,'手机联系人通话次数查询',1,1,'集奥聚合','2018-01-01 00:00:00','暂无返回值描述'),
	(10019,'result_YQ_ZZSJ',10016,4,8,'逾期最早出现时间',1,1,'集奥聚合','2018-01-01 00:00:00','暂无返回值描述'),
	(10020,'result_YQ_ZDSC',10016,2,8,'历史最大逾期时长',1,1,'集奥聚合','2018-01-01 00:00:00','暂无返回值描述'),
	(10021,'result_SX_LJCS',10016,2,10,'失信累计出现次数',1,1,'集奥聚合','2018-01-01 00:00:00','暂无返回值描述'),
	(10022,'result_QZ_LJCS',10016,2,10,'欺诈累计出现次数',1,1,'集奥聚合','2018-01-01 00:00:00','暂无返回值描述'),
	(10023,'result_YQ_LJCS',10016,2,10,'逾期累计出现次数',1,1,'集奥聚合','2018-01-01 00:00:00','暂无返回值描述'),
	(10024,'result_SX_ZZSJ',10016,4,10,'失信最早出现时间',1,1,'集奥聚合','2018-01-01 00:00:00','暂无返回值描述'),
	(10025,'result_QZ_ZJSJ',10016,4,10,'欺诈最近出现时间',1,1,'集奥聚合','2018-01-01 00:00:00','暂无返回值描述'),
	(10026,'result_QZ_ZZSJ',10016,4,10,'欺诈最早出现时间',1,1,'集奥聚合','2018-01-01 00:00:00','暂无返回值描述'),
	(10027,'result_YQ_ZJSJ',10016,4,8,'逾期最近出现时间',1,1,'集奥聚合','2018-01-01 00:00:00','暂无返回值描述'),
	(10028,'result_SX_ZJSJ',10016,4,10,'失信最近出现时间',1,1,'集奥聚合','2018-01-01 00:00:00','暂无返回值描述'),
	(10029,'result_YQ_DQSC',10016,2,8,'当前逾期时长',1,1,'集奥聚合','2018-01-01 00:00:00','暂无返回值描述'),
	(10030,'result_YQ_ZDJE',10016,2,8,'历史最大逾期金额',1,1,'集奥聚合','2018-01-01 00:00:00','暂无返回值描述'),
	(10031,'result_YQ_DQJE',10016,2,8,'当前逾期金额',1,1,'集奥聚合','2018-01-01 00:00:00','暂无返回值描述'),
	(10032,'birthday',10017,4,2,'出生日期',1,1,'集奥聚合','2018-01-01 00:00:00','暂无返回值描述'),
	(10033,'gender',10017,2,2,'性别',1,1,'集奥聚合','2018-01-01 00:00:00','暂无返回值描述'),
	(10034,'originalAdress',10017,2,2,'出生地址',1,1,'集奥聚合','2018-01-01 00:00:00','暂无返回值描述'),
	(10035,'identityResult',10017,2,2,'姓名身份证号验证',1,1,'集奥聚合','2018-01-01 00:00:00','暂无返回值描述'),
	(10036,'age',10017,1,2,'年龄',1,1,'集奥聚合','2018-01-01 00:00:00','暂无返回值描述'),
	(10037,'lasttime',10018,4,2,'信息获取时间',1,1,'集奥聚合','2018-01-01 00:00:00','暂无返回值描述'),
	(10038,'identify_result',10018,2,2,'是否有房',1,1,'集奥聚合','2018-01-01 00:00:00','暂无返回值描述'),
	(10039,'IdPhoneNameCardValidate',10019,2,12,'手机身份证号姓名验证银行卡验证',1,1,'集奥聚合','2018-01-01 00:00:00','暂无返回值描述'),
	(10040,'IdNameCardValidate',10020,2,12,'身份证号姓名验证银行卡验证',1,1,'集奥聚合','2018-01-01 00:00:00','暂无返回值描述'),
	(10041,'account_no',10021,2,12,'银行卡号',1,1,'集奥聚合','2018-01-01 00:00:00','暂无返回值描述'),
	(10042,'score',10021,1,12,'缺失',0,0,'集奥聚合','2018-01-01 00:00:00','暂无返回值描述'),
	(10043,'CSSP001',10021,2,12,'缺失',0,0,'集奥聚合','2018-01-01 00:00:00','暂无返回值描述'),
	(10044,'firstTime',10022,4,2,'工作单位最早出现时间',1,1,'集奥聚合','2018-01-01 00:00:00','暂无返回值描述'),
	(10045,'lastTime',10022,4,2,'工作单位最近出现时间',1,1,'集奥聚合','2018-01-01 00:00:00','暂无返回值描述'),
	(10046,'score',10022,1,2,'工作单位匹配分数',1,1,'集奥聚合','2018-01-01 00:00:00','暂无返回值描述'),
	(10047,'identify_result',10022,2,2,'工作单位验证',1,1,'集奥聚合','2018-01-01 00:00:00','暂无返回值描述'),
	(10048,'isMachdSEO',10023,2,11,'命中SEO',1,1,'集奥聚合','2018-01-01 00:00:00','暂无返回值描述'),
	(10049,'isMachdProxy',10023,2,11,'命中代理服务器 ',1,1,'集奥聚合','2018-01-01 00:00:00','暂无返回值描述'),
	(10050,'rskScore',10023,1,11,'IP风险得分',1,1,'集奥聚合','2018-01-01 00:00:00','暂无返回值描述'),
	(10051,'isMachdDNS',10023,2,11,'命中DNS服务器 ',1,1,'集奥聚合','2018-01-01 00:00:00','暂无返回值描述'),
	(10052,'iUpdateDate',10023,4,11,'IP风险时间',1,1,'集奥聚合','2018-01-01 00:00:00','暂无返回值描述'),
	(10053,'isMachdMailServ',10023,2,11,'命中邮件服务器',1,1,'集奥聚合','2018-01-01 00:00:00','暂无返回值描述'),
	(10054,'isMachdForce',10023,2,11,'命中暴力破解 ',1,1,'集奥聚合','2018-01-01 00:00:00','暂无返回值描述'),
	(10055,'isMachdBlacklist',10023,2,11,'命中第三方标注黑名单',1,1,'集奥聚合','2018-01-01 00:00:00','暂无返回值描述'),
	(10056,'isMachdWebServ',10023,2,11,'命中web服务器',1,1,'集奥聚合','2018-01-01 00:00:00','暂无返回值描述'),
	(10057,'isMachdOrg',10023,2,11,'命中组织出口',1,1,'集奥聚合','2018-01-01 00:00:00','暂无返回值描述'),
	(10058,'isMachdCrawler',10023,2,11,'命中爬虫 ',1,1,'集奥聚合','2018-01-01 00:00:00','暂无返回值描述'),
	(10059,'isMachdVPN',10023,2,11,'命中vpn服务器 ',1,1,'集奥聚合','2018-01-01 00:00:00','暂无返回值描述'),
	(10060,'TJXX_30d_regtimes',10024,1,7,'30天内-多平台注册次数',1,1,'集奥聚合','2018-01-01 00:00:00','暂无返回值描述'),
	(10061,'TJXX_30d_regplatforms',10024,1,7,'30天内-多平台注册平台数',1,1,'集奥聚合','2018-01-01 00:00:00','暂无返回值描述'),
	(10062,'TJXX_30d_reglasttime',10024,3,7,'30天内-多平台最近注册时间',1,1,'集奥聚合','2018-01-01 00:00:00','2017/3/24 00:00:00  特殊'),
	(10063,'TJXX_30d_regfirsttime',10024,3,7,'30天内-多平台最早注册时间',1,1,'集奥聚合','2018-01-01 00:00:00','2017/3/24 00:00:00  特殊'),
	(10064,'TJXX_30d_apptimes',10024,1,7,'30天内-多平台申请次数',1,1,'集奥聚合','2018-01-01 00:00:00','暂无返回值描述'),
	(10065,'TJXX_30d_appplatforms',10024,1,7,'30天内-多平台申请平台数',1,1,'集奥聚合','2018-01-01 00:00:00','暂无返回值描述'),
	(10066,'TJXX_30d_appmoney',10024,2,7,'30天内-多平台最大申请金额区间',1,1,'集奥聚合','2018-01-01 00:00:00','暂无返回值描述'),
	(10067,'TJXX_30d_applasttime',10024,3,7,'30天内-多平台最近申请时间',1,1,'集奥聚合','2018-01-01 00:00:00','2017/3/24 00:00:00  特殊'),
	(10068,'TJXX_30d_appfirsttime',10024,3,7,'30天内-多平台最早申请时间',1,1,'集奥聚合','2018-01-01 00:00:00','2017/3/24 00:00:00  特殊'),
	(10069,'TJXX_30d_loantimes',10024,1,7,'30天内-多平台放款次数',1,1,'集奥聚合','2018-01-01 00:00:00','暂无返回值描述'),
	(10070,'TJXX_30d_loanplatforms',10024,1,7,'30天内-多平台放款平台数',1,1,'集奥聚合','2018-01-01 00:00:00','暂无返回值描述'),
	(10071,'TJXX_30d_loanmoney',10024,2,7,'30天内-多平台最大放款金额区间',1,1,'集奥聚合','2018-01-01 00:00:00','暂无返回值描述'),
	(10072,'TJXX_30d_loanfirsttime',10024,3,7,'30天内-多平台最早放款时间',1,1,'集奥聚合','2018-01-01 00:00:00','2017/3/24 00:00:00  特殊'),
	(10073,'TJXX_30d_loanlasttime',10024,3,7,'30天内-多平台最近放款时间',1,1,'集奥聚合','2018-01-01 00:00:00','2017/3/24 00:00:00  特殊'),
	(10074,'TJXX_30d_rejtimes',10024,1,7,'30天内-多平台驳回次数',1,1,'集奥聚合','2018-01-01 00:00:00','暂无返回值描述'),
	(10075,'TJXX_30d_rejplatforms',10024,1,7,'30天内-多平台驳回平台数',1,1,'集奥聚合','2018-01-01 00:00:00','暂无返回值描述'),
	(10076,'TJXX_30d_rejfirsttime',10024,3,7,'30天内-多平台最早驳回时间',1,1,'集奥聚合','2018-01-01 00:00:00','2017/3/24 00:00:00  特殊'),
	(10077,'TJXX_30d_rejlasttime',10024,3,7,'30天内-多平台最近驳回时间',1,1,'集奥聚合','2018-01-01 00:00:00','2017/3/24 00:00:00  特殊'),
	(10078,'TJXX_30d_regtimes_bank',10024,1,7,'30天内-多平台注册次数-银行',1,1,'集奥聚合','2018-01-01 00:00:00','暂无返回值描述'),
	(10079,'TJXX_30d_regplatforms_bank',10024,1,7,'30天内-多平台注册平台数-银行',1,1,'集奥聚合','2018-01-01 00:00:00','暂无返回值描述'),
	(10080,'TJXX_30d_reglasttime_bank',10024,3,7,'30天内-多平台最近注册时间-银行',1,1,'集奥聚合','2018-01-01 00:00:00','2017/3/24 00:00:00  特殊'),
	(10081,'TJXX_30d_regfirsttime_bank',10024,3,7,'30天内-多平台最早注册时间-银行',1,1,'集奥聚合','2018-01-01 00:00:00','2017/3/24 00:00:00  特殊'),
	(10082,'TJXX_30d_apptimes_bank',10024,1,7,'30天内-多平台申请次数-银行',1,1,'集奥聚合','2018-01-01 00:00:00','暂无返回值描述'),
	(10083,'TJXX_30d_appplatforms_bank',10024,1,7,'30天内-多平台申请平台数-银行',1,1,'集奥聚合','2018-01-01 00:00:00','暂无返回值描述'),
	(10084,'TJXX_30d_appmoney_bank',10024,2,7,'30天内-多平台最大申请金额区间-银行',1,1,'集奥聚合','2018-01-01 00:00:00','暂无返回值描述'),
	(10085,'TJXX_30d_applasttime_bank',10024,3,7,'30天内-多平台最近申请时间-银行',1,1,'集奥聚合','2018-01-01 00:00:00','2017/3/24 00:00:00  特殊'),
	(10086,'TJXX_30d_appfirsttime_bank',10024,3,7,'30天内-多平台最早申请时间-银行',1,1,'集奥聚合','2018-01-01 00:00:00','2017/3/24 00:00:00  特殊'),
	(10087,'TJXX_30d_loantimes_bank',10024,1,7,'30天内-多平台放款次数-银行',1,1,'集奥聚合','2018-01-01 00:00:00','暂无返回值描述'),
	(10088,'TJXX_30d_loanplatforms_bank',10024,1,7,'30天内-多平台放款平台数-银行',1,1,'集奥聚合','2018-01-01 00:00:00','暂无返回值描述'),
	(10089,'TJXX_30d_loanmoney_bank',10024,2,7,'30天内-多平台最大放款金额区间-银行',1,1,'集奥聚合','2018-01-01 00:00:00','暂无返回值描述'),
	(10090,'TJXX_30d_loanfirsttime_bank',10024,3,7,'30天内-多平台最早放款时间-银行',1,1,'集奥聚合','2018-01-01 00:00:00','2017/3/24 00:00:00  特殊'),
	(10091,'TJXX_30d_loanlasttime_bank',10024,3,7,'30天内-多平台最近放款时间-银行',1,1,'集奥聚合','2018-01-01 00:00:00','2017/3/24 00:00:00  特殊'),
	(10092,'TJXX_30d_rejtimes_bank',10024,1,7,'30天内-多平台驳回次数-银行',1,1,'集奥聚合','2018-01-01 00:00:00','暂无返回值描述'),
	(10093,'TJXX_30d_rejplatforms_bank',10024,1,7,'30天内-多平台驳回平台数-银行',1,1,'集奥聚合','2018-01-01 00:00:00','暂无返回值描述'),
	(10094,'TJXX_30d_rejfirsttime_bank',10024,3,7,'30天内-多平台最早驳回时间-银行',1,1,'集奥聚合','2018-01-01 00:00:00','2017/3/24 00:00:00  特殊'),
	(10095,'TJXX_30d_rejlasttime_bank',10024,3,7,'30天内-多平台最近驳回时间-银行',1,1,'集奥聚合','2018-01-01 00:00:00','2017/3/24 00:00:00  特殊'),
	(10096,'TJXX_30d_regtimes_nonbank',10024,1,7,'30天内-多平台注册次数-非银',1,1,'集奥聚合','2018-01-01 00:00:00','暂无返回值描述'),
	(10097,'TJXX_30d_regplatforms_nonbank',10024,1,7,'30天内-多平台注册平台数-非银',1,1,'集奥聚合','2018-01-01 00:00:00','暂无返回值描述'),
	(10098,'TJXX_30d_reglasttime_nonbank',10024,3,7,'30天内-多平台最近注册时间-非银',1,1,'集奥聚合','2018-01-01 00:00:00','2017/3/24 00:00:00  特殊'),
	(10099,'TJXX_30d_regfirsttime_nonbank',10024,3,7,'30天内-多平台最早注册时间-非银',1,1,'集奥聚合','2018-01-01 00:00:00','2017/3/24 00:00:00  特殊'),
	(10100,'TJXX_30d_apptimes_nonbank',10024,1,7,'30天内-多平台申请次数-非银',1,1,'集奥聚合','2018-01-01 00:00:00','暂无返回值描述'),
	(10101,'TJXX_30d_appplatforms_nonbank',10024,1,7,'30天内-多平台申请平台数-非银',1,1,'集奥聚合','2018-01-01 00:00:00','暂无返回值描述'),
	(10102,'TJXX_30d_appmoney_nonbank',10024,2,7,'30天内-多平台最大申请金额区间-非银',1,1,'集奥聚合','2018-01-01 00:00:00','暂无返回值描述'),
	(10103,'TJXX_30d_applasttime_nonbank',10024,3,7,'30天内-多平台最近申请时间-非银',1,1,'集奥聚合','2018-01-01 00:00:00','2017/3/24 00:00:00  特殊'),
	(10104,'TJXX_30d_appfirsttime_nonbank',10024,3,7,'30天内-多平台最早申请时间-非银',1,1,'集奥聚合','2018-01-01 00:00:00','2017/3/24 00:00:00  特殊'),
	(10105,'TJXX_30d_loantimes_nonbank',10024,1,7,'30天内-多平台放款次数-非银',1,1,'集奥聚合','2018-01-01 00:00:00','暂无返回值描述'),
	(10106,'TJXX_30d_loanplatforms_nonbank',10024,1,7,'30天内-多平台放款平台数-非银',1,1,'集奥聚合','2018-01-01 00:00:00','暂无返回值描述'),
	(10107,'TJXX_30d_loanmoney_nonbank',10024,2,7,'30天内-多平台最大放款金额区间-非银',1,1,'集奥聚合','2018-01-01 00:00:00','暂无返回值描述'),
	(10108,'TJXX_30d_loanfirsttime_nonbank',10024,3,7,'30天内-多平台最早放款时间-非银',1,1,'集奥聚合','2018-01-01 00:00:00','2017/3/24 00:00:00  特殊'),
	(10109,'TJXX_30d_loanlasttime_nonbank',10024,3,7,'30天内-多平台最近放款时间-非银',1,1,'集奥聚合','2018-01-01 00:00:00','2017/3/24 00:00:00  特殊'),
	(10110,'TJXX_30d_rejtimes_nonbank',10024,1,7,'30天内-多平台驳回次数-非银',1,1,'集奥聚合','2018-01-01 00:00:00','暂无返回值描述'),
	(10111,'TJXX_30d_rejplatforms_nonbank',10024,1,7,'30天内-多平台驳回平台数-非银',1,1,'集奥聚合','2018-01-01 00:00:00','暂无返回值描述'),
	(10112,'TJXX_30d_rejfirsttime_nonbank',10024,3,7,'30天内-多平台最早驳回时间-非银',1,1,'集奥聚合','2018-01-01 00:00:00','2017/3/24 00:00:00  特殊'),
	(10113,'TJXX_30d_rejlasttime_nonbank',10024,3,7,'30天内-多平台最近驳回时间-非银',1,1,'集奥聚合','2018-01-01 00:00:00','2017/3/24 00:00:00  特殊'),
	(10114,'TJXX_7d_regtimes',10024,1,7,'7天内-多平台注册次数',1,1,'集奥聚合','2018-01-01 00:00:00','暂无返回值描述'),
	(10115,'TJXX_7d_regplatforms',10024,1,7,'7天内-多平台注册平台数',1,1,'集奥聚合','2018-01-01 00:00:00','暂无返回值描述'),
	(10116,'TJXX_7d_reglasttime',10024,3,7,'7天内-多平台最近注册时间',1,1,'集奥聚合','2018-01-01 00:00:00','2017/3/24 00:00:00  特殊'),
	(10117,'TJXX_7d_regfirsttime',10024,3,7,'7天内-多平台最早注册时间',1,1,'集奥聚合','2018-01-01 00:00:00','2017/3/24 00:00:00  特殊'),
	(10118,'TJXX_7d_apptimes',10024,1,7,'7天内-多平台申请次数',1,1,'集奥聚合','2018-01-01 00:00:00','暂无返回值描述'),
	(10119,'TJXX_7d_appplatforms',10024,1,7,'7天内-多平台申请平台数',1,1,'集奥聚合','2018-01-01 00:00:00','暂无返回值描述'),
	(10120,'TJXX_7d_appmoney',10024,2,7,'7天内-多平台最大申请金额区间',1,1,'集奥聚合','2018-01-01 00:00:00','暂无返回值描述'),
	(10121,'TJXX_7d_applasttime',10024,3,7,'7天内-多平台最近申请时间',1,1,'集奥聚合','2018-01-01 00:00:00','2017/3/24 00:00:00  特殊'),
	(10122,'TJXX_7d_appfirsttime',10024,3,7,'7天内-多平台最早申请时间',1,1,'集奥聚合','2018-01-01 00:00:00','2017/3/24 00:00:00  特殊'),
	(10123,'TJXX_7d_loantimes',10024,1,7,'7天内-多平台放款次数',1,1,'集奥聚合','2018-01-01 00:00:00','暂无返回值描述'),
	(10124,'TJXX_7d_loanplatforms',10024,1,7,'7天内-多平台放款平台数',1,1,'集奥聚合','2018-01-01 00:00:00','暂无返回值描述'),
	(10125,'TJXX_7d_loanmoney',10024,2,7,'7天内-多平台最大放款金额区间',1,1,'集奥聚合','2018-01-01 00:00:00','暂无返回值描述'),
	(10126,'TJXX_7d_loanfirsttime',10024,3,7,'7天内-多平台最早放款时间',1,1,'集奥聚合','2018-01-01 00:00:00','2017/3/24 00:00:00  特殊'),
	(10127,'TJXX_7d_loanlasttime',10024,3,7,'7天内-多平台最近放款时间',1,1,'集奥聚合','2018-01-01 00:00:00','2017/3/24 00:00:00  特殊'),
	(10128,'TJXX_7d_rejtimes',10024,1,7,'7天内-多平台驳回次数',1,1,'集奥聚合','2018-01-01 00:00:00','暂无返回值描述'),
	(10129,'TJXX_7d_rejplatforms',10024,1,7,'7天内-多平台驳回平台数',1,1,'集奥聚合','2018-01-01 00:00:00','暂无返回值描述'),
	(10130,'TJXX_7d_rejfirsttime',10024,3,7,'7天内-多平台最早驳回时间',1,1,'集奥聚合','2018-01-01 00:00:00','2017/3/24 00:00:00  特殊'),
	(10131,'TJXX_7d_rejlasttime',10024,3,7,'7天内-多平台最近驳回时间',1,1,'集奥聚合','2018-01-01 00:00:00','2017/3/24 00:00:00  特殊'),
	(10132,'TJXX_7d_regtimes_bank',10024,1,7,'7天内-多平台注册次数-银行',1,1,'集奥聚合','2018-01-01 00:00:00','暂无返回值描述'),
	(10133,'TJXX_7d_regplatforms_bank',10024,1,7,'7天内-多平台注册平台数-银行',1,1,'集奥聚合','2018-01-01 00:00:00','暂无返回值描述'),
	(10134,'TJXX_7d_reglasttime_bank',10024,3,7,'7天内-多平台最近注册时间-银行',1,1,'集奥聚合','2018-01-01 00:00:00','2017/3/24 00:00:00  特殊'),
	(10135,'TJXX_7d_regfirsttime_bank',10024,3,7,'7天内-多平台最早注册时间-银行',1,1,'集奥聚合','2018-01-01 00:00:00','2017/3/24 00:00:00  特殊'),
	(10136,'TJXX_7d_apptimes_bank',10024,1,7,'7天内-多平台申请次数-银行',1,1,'集奥聚合','2018-01-01 00:00:00','暂无返回值描述'),
	(10137,'TJXX_7d_appplatforms_bank',10024,1,7,'7天内-多平台申请平台数-银行',1,1,'集奥聚合','2018-01-01 00:00:00','暂无返回值描述'),
	(10138,'TJXX_7d_appmoney_bank',10024,2,7,'7天内-多平台最大申请金额区间-银行',1,1,'集奥聚合','2018-01-01 00:00:00','暂无返回值描述'),
	(10139,'TJXX_7d_applasttime_bank',10024,3,7,'7天内-多平台最近申请时间-银行',1,1,'集奥聚合','2018-01-01 00:00:00','2017/3/24 00:00:00  特殊'),
	(10140,'TJXX_7d_appfirsttime_bank',10024,3,7,'7天内-多平台最早申请时间-银行',1,1,'集奥聚合','2018-01-01 00:00:00','2017/3/24 00:00:00  特殊'),
	(10141,'TJXX_7d_loantimes_bank',10024,1,7,'7天内-多平台放款次数-银行',1,1,'集奥聚合','2018-01-01 00:00:00','暂无返回值描述'),
	(10142,'TJXX_7d_loanplatforms_bank',10024,1,7,'7天内-多平台放款平台数-银行',1,1,'集奥聚合','2018-01-01 00:00:00','暂无返回值描述'),
	(10143,'TJXX_7d_loanmoney_bank',10024,2,7,'7天内-多平台最大放款金额区间-银行',1,1,'集奥聚合','2018-01-01 00:00:00','暂无返回值描述'),
	(10144,'TJXX_7d_loanfirsttime_bank',10024,3,7,'7天内-多平台最早放款时间-银行',1,1,'集奥聚合','2018-01-01 00:00:00','2017/3/24 00:00:00  特殊'),
	(10145,'TJXX_7d_loanlasttime_bank',10024,3,7,'7天内-多平台最近放款时间-银行',1,1,'集奥聚合','2018-01-01 00:00:00','2017/3/24 00:00:00  特殊'),
	(10146,'TJXX_7d_rejtimes_bank',10024,1,7,'7天内-多平台驳回次数-银行',1,1,'集奥聚合','2018-01-01 00:00:00','暂无返回值描述'),
	(10147,'TJXX_7d_rejplatforms_bank',10024,1,7,'7天内-多平台驳回平台数-银行',1,1,'集奥聚合','2018-01-01 00:00:00','暂无返回值描述'),
	(10148,'TJXX_7d_rejfirsttime_bank',10024,3,7,'7天内-多平台最早驳回时间-银行',1,1,'集奥聚合','2018-01-01 00:00:00','2017/3/24 00:00:00  特殊'),
	(10149,'TJXX_7d_rejlasttime_bank',10024,3,7,'7天内-多平台最近驳回时间-银行',1,1,'集奥聚合','2018-01-01 00:00:00','2017/3/24 00:00:00  特殊'),
	(10150,'TJXX_7d_regtimes_nonbank',10024,1,7,'7天内-多平台注册次数-非银',1,1,'集奥聚合','2018-01-01 00:00:00','暂无返回值描述'),
	(10151,'TJXX_7d_regplatforms_nonbank',10024,1,7,'7天内-多平台注册平台数-非银',1,1,'集奥聚合','2018-01-01 00:00:00','暂无返回值描述'),
	(10152,'TJXX_7d_reglasttime_nonbank',10024,3,7,'7天内-多平台最近注册时间-非银',1,1,'集奥聚合','2018-01-01 00:00:00','2017/3/24 00:00:00  特殊'),
	(10153,'TJXX_7d_regfirsttime_nonbank',10024,3,7,'7天内-多平台最早注册时间-非银',1,1,'集奥聚合','2018-01-01 00:00:00','2017/3/24 00:00:00  特殊'),
	(10154,'TJXX_7d_apptimes_nonbank',10024,1,7,'7天内-多平台申请次数-非银',1,1,'集奥聚合','2018-01-01 00:00:00','暂无返回值描述'),
	(10155,'TJXX_7d_appplatforms_nonbank',10024,1,7,'7天内-多平台申请平台数-非银',1,1,'集奥聚合','2018-01-01 00:00:00','暂无返回值描述'),
	(10156,'TJXX_7d_appmoney_nonbank',10024,2,7,'7天内-多平台最大申请金额区间-非银',1,1,'集奥聚合','2018-01-01 00:00:00','暂无返回值描述'),
	(10157,'TJXX_7d_applasttime_nonbank',10024,3,7,'7天内-多平台最近申请时间-非银',1,1,'集奥聚合','2018-01-01 00:00:00','2017/3/24 00:00:00  特殊'),
	(10158,'TJXX_7d_appfirsttime_nonbank',10024,3,7,'7天内-多平台最早申请时间-非银',1,1,'集奥聚合','2018-01-01 00:00:00','2017/3/24 00:00:00  特殊'),
	(10159,'TJXX_7d_loantimes_nonbank',10024,1,7,'7天内-多平台放款次数-非银',1,1,'集奥聚合','2018-01-01 00:00:00','暂无返回值描述'),
	(10160,'TJXX_7d_loanplatforms_nonbank',10024,1,7,'7天内-多平台放款平台数-非银',1,1,'集奥聚合','2018-01-01 00:00:00','暂无返回值描述'),
	(10161,'TJXX_7d_loanmoney_nonbank',10024,2,7,'7天内-多平台最大放款金额区间-非银',1,1,'集奥聚合','2018-01-01 00:00:00','暂无返回值描述'),
	(10162,'TJXX_7d_loanfirsttime_nonbank',10024,3,7,'7天内-多平台最早放款时间-非银',1,1,'集奥聚合','2018-01-01 00:00:00','2017/3/24 00:00:00  特殊'),
	(10163,'TJXX_7d_loanlasttime_nonbank',10024,3,7,'7天内-多平台最近放款时间-非银',1,1,'集奥聚合','2018-01-01 00:00:00','2017/3/24 00:00:00  特殊'),
	(10164,'TJXX_7d_rejtimes_nonbank',10024,1,7,'7天内-多平台驳回次数-非银',1,1,'集奥聚合','2018-01-01 00:00:00','暂无返回值描述'),
	(10165,'TJXX_7d_rejplatforms_nonbank',10024,1,7,'7天内-多平台驳回平台数-非银',1,1,'集奥聚合','2018-01-01 00:00:00','暂无返回值描述'),
	(10166,'TJXX_7d_rejfirsttime_nonbank',10024,3,7,'7天内-多平台最早驳回时间-非银',1,1,'集奥聚合','2018-01-01 00:00:00','2017/3/24 00:00:00  特殊'),
	(10167,'TJXX_7d_rejlasttime_nonbank',10024,3,7,'7天内-多平台最近驳回时间-非银',1,1,'集奥聚合','2018-01-01 00:00:00','2017/3/24 00:00:00  特殊'),
	(10168,'TJXX_180d_regtimes',10024,1,7,'180天内-多平台注册次数',1,1,'集奥聚合','2018-01-01 00:00:00','暂无返回值描述'),
	(10169,'TJXX_180d_regplatforms',10024,1,7,'180天内-多平台注册平台数',1,1,'集奥聚合','2018-01-01 00:00:00','暂无返回值描述'),
	(10170,'TJXX_180d_reglasttime',10024,3,7,'180天内-多平台最近注册时间',1,1,'集奥聚合','2018-01-01 00:00:00','2017/3/24 00:00:00  特殊'),
	(10171,'TJXX_180d_regfirsttime',10024,3,7,'180天内-多平台最早注册时间',1,1,'集奥聚合','2018-01-01 00:00:00','2017/3/24 00:00:00  特殊'),
	(10172,'TJXX_180d_apptimes',10024,1,7,'180天内-多平台申请次数',1,1,'集奥聚合','2018-01-01 00:00:00','暂无返回值描述'),
	(10173,'TJXX_180d_appplatforms',10024,1,7,'180天内-多平台申请平台数',1,1,'集奥聚合','2018-01-01 00:00:00','暂无返回值描述'),
	(10174,'TJXX_180d_appmoney',10024,2,7,'180天内-多平台最大申请金额区间',1,1,'集奥聚合','2018-01-01 00:00:00','暂无返回值描述'),
	(10175,'TJXX_180d_applasttime',10024,3,7,'180天内-多平台最近申请时间',1,1,'集奥聚合','2018-01-01 00:00:00','2017/3/24 00:00:00  特殊'),
	(10176,'TJXX_180d_appfirsttime',10024,3,7,'180天内-多平台最早申请时间',1,1,'集奥聚合','2018-01-01 00:00:00','2017/3/24 00:00:00  特殊'),
	(10177,'TJXX_180d_loantimes',10024,1,7,'180天内-多平台放款次数',1,1,'集奥聚合','2018-01-01 00:00:00','暂无返回值描述'),
	(10178,'TJXX_180d_loanplatforms',10024,1,7,'180天内-多平台放款平台数',1,1,'集奥聚合','2018-01-01 00:00:00','暂无返回值描述'),
	(10179,'TJXX_180d_loanmoney',10024,2,7,'180天内-多平台最大放款金额区间',1,1,'集奥聚合','2018-01-01 00:00:00','暂无返回值描述'),
	(10180,'TJXX_180d_loanfirsttime',10024,3,7,'180天内-多平台最早放款时间',1,1,'集奥聚合','2018-01-01 00:00:00','2017/3/24 00:00:00  特殊'),
	(10181,'TJXX_180d_loanlasttime',10024,3,7,'180天内-多平台最近放款时间',1,1,'集奥聚合','2018-01-01 00:00:00','2017/3/24 00:00:00  特殊'),
	(10182,'TJXX_180d_rejtimes',10024,1,7,'180天内-多平台驳回次数',1,1,'集奥聚合','2018-01-01 00:00:00','暂无返回值描述'),
	(10183,'TJXX_180d_rejplatforms',10024,1,7,'180天内-多平台驳回平台数',1,1,'集奥聚合','2018-01-01 00:00:00','暂无返回值描述'),
	(10184,'TJXX_180d_rejfirsttime',10024,3,7,'180天内-多平台最早驳回时间',1,1,'集奥聚合','2018-01-01 00:00:00','2017/3/24 00:00:00  特殊'),
	(10185,'TJXX_180d_rejlasttime',10024,3,7,'180天内-多平台最近驳回时间',1,1,'集奥聚合','2018-01-01 00:00:00','2017/3/24 00:00:00  特殊'),
	(10186,'TJXX_180d_regtimes_bank',10024,1,7,'180天内-多平台注册次数-银行',1,1,'集奥聚合','2018-01-01 00:00:00','暂无返回值描述'),
	(10187,'TJXX_180d_regplatforms_bank',10024,1,7,'180天内-多平台注册平台数-银行',1,1,'集奥聚合','2018-01-01 00:00:00','暂无返回值描述'),
	(10188,'TJXX_180d_reglasttime_bank',10024,3,7,'180天内-多平台最近注册时间-银行',1,1,'集奥聚合','2018-01-01 00:00:00','2017/3/24 00:00:00  特殊'),
	(10189,'TJXX_180d_regfirsttime_bank',10024,3,7,'180天内-多平台最早注册时间-银行',1,1,'集奥聚合','2018-01-01 00:00:00','2017/3/24 00:00:00  特殊'),
	(10190,'TJXX_180d_apptimes_bank',10024,1,7,'180天内-多平台申请次数-银行',1,1,'集奥聚合','2018-01-01 00:00:00','暂无返回值描述'),
	(10191,'TJXX_180d_appplatforms_bank',10024,1,7,'180天内-多平台申请平台数-银行',1,1,'集奥聚合','2018-01-01 00:00:00','暂无返回值描述'),
	(10192,'TJXX_180d_appmoney_bank',10024,2,7,'180天内-多平台最大申请金额区间-银行',1,1,'集奥聚合','2018-01-01 00:00:00','暂无返回值描述'),
	(10193,'TJXX_180d_applasttime_bank',10024,3,7,'180天内-多平台最近申请时间-银行',1,1,'集奥聚合','2018-01-01 00:00:00','2017/3/24 00:00:00  特殊'),
	(10194,'TJXX_180d_appfirsttime_bank',10024,3,7,'180天内-多平台最早申请时间-银行',1,1,'集奥聚合','2018-01-01 00:00:00','2017/3/24 00:00:00  特殊'),
	(10195,'TJXX_180d_loantimes_bank',10024,1,7,'180天内-多平台放款次数-银行',1,1,'集奥聚合','2018-01-01 00:00:00','暂无返回值描述'),
	(10196,'TJXX_180d_loanplatforms_bank',10024,1,7,'180天内-多平台放款平台数-银行',1,1,'集奥聚合','2018-01-01 00:00:00','暂无返回值描述'),
	(10197,'TJXX_180d_loanmoney_bank',10024,2,7,'180天内-多平台最大放款金额区间-银行',1,1,'集奥聚合','2018-01-01 00:00:00','暂无返回值描述'),
	(10198,'TJXX_180d_loanfirsttime_bank',10024,3,7,'180天内-多平台最早放款时间-银行',1,1,'集奥聚合','2018-01-01 00:00:00','2017/3/24 00:00:00  特殊'),
	(10199,'TJXX_180d_loanlasttime_bank',10024,3,7,'180天内-多平台最近放款时间-银行',1,1,'集奥聚合','2018-01-01 00:00:00','2017/3/24 00:00:00  特殊'),
	(10200,'TJXX_180d_rejtimes_bank',10024,1,7,'180天内-多平台驳回次数-银行',1,1,'集奥聚合','2018-01-01 00:00:00','暂无返回值描述'),
	(10201,'TJXX_180d_rejplatforms_bank',10024,1,7,'180天内-多平台驳回平台数-银行',1,1,'集奥聚合','2018-01-01 00:00:00','暂无返回值描述'),
	(10202,'TJXX_180d_rejfirsttime_bank',10024,3,7,'180天内-多平台最早驳回时间-银行',1,1,'集奥聚合','2018-01-01 00:00:00','2017/3/24 00:00:00  特殊'),
	(10203,'TJXX_180d_rejlasttime_bank',10024,3,7,'180天内-多平台最近驳回时间-银行',1,1,'集奥聚合','2018-01-01 00:00:00','2017/3/24 00:00:00  特殊'),
	(10204,'TJXX_180d_regtimes_nonbank',10024,1,7,'180天内-多平台注册次数-非银',1,1,'集奥聚合','2018-01-01 00:00:00','暂无返回值描述'),
	(10205,'TJXX_180d_regplatforms_nonbank',10024,1,7,'180天内-多平台注册平台数-非银',1,1,'集奥聚合','2018-01-01 00:00:00','暂无返回值描述'),
	(10206,'TJXX_180d_reglasttime_nonbank',10024,3,7,'180天内-多平台最近注册时间-非银',1,1,'集奥聚合','2018-01-01 00:00:00','2017/3/24 00:00:00  特殊'),
	(10207,'TJXX_180d_regfirsttime_nonbank',10024,3,7,'180天内-多平台最早注册时间-非银',1,1,'集奥聚合','2018-01-01 00:00:00','2017/3/24 00:00:00  特殊'),
	(10208,'TJXX_180d_apptimes_nonbank',10024,1,7,'180天内-多平台申请次数-非银',1,1,'集奥聚合','2018-01-01 00:00:00','暂无返回值描述'),
	(10209,'TJXX_180d_appplatforms_nonbank',10024,1,7,'180天内-多平台申请平台数-非银',1,1,'集奥聚合','2018-01-01 00:00:00','暂无返回值描述'),
	(10210,'TJXX_180d_appmoney_nonbank',10024,2,7,'180天内-多平台最大申请金额区间-非银',1,1,'集奥聚合','2018-01-01 00:00:00','暂无返回值描述'),
	(10211,'TJXX_180d_applasttime_nonbank',10024,3,7,'180天内-多平台最近申请时间-非银',1,1,'集奥聚合','2018-01-01 00:00:00','2017/3/24 00:00:00  特殊'),
	(10212,'TJXX_180d_appfirsttime_nonbank',10024,3,7,'180天内-多平台最早申请时间-非银',1,1,'集奥聚合','2018-01-01 00:00:00','2017/3/24 00:00:00  特殊'),
	(10213,'TJXX_180d_loantimes_nonbank',10024,1,7,'180天内-多平台放款次数-非银',1,1,'集奥聚合','2018-01-01 00:00:00','暂无返回值描述'),
	(10214,'TJXX_180d_loanplatforms_nonbank',10024,1,7,'180天内-多平台放款平台数-非银',1,1,'集奥聚合','2018-01-01 00:00:00','暂无返回值描述'),
	(10215,'TJXX_180d_loanmoney_nonbank',10024,2,7,'180天内-多平台最大放款金额区间-非银',1,1,'集奥聚合','2018-01-01 00:00:00','暂无返回值描述'),
	(10216,'TJXX_180d_loanfirsttime_nonbank',10024,3,7,'180天内-多平台最早放款时间-非银',1,1,'集奥聚合','2018-01-01 00:00:00','2017/3/24 00:00:00  特殊'),
	(10217,'TJXX_180d_loanlasttime_nonbank',10024,3,7,'180天内-多平台最近放款时间-非银',1,1,'集奥聚合','2018-01-01 00:00:00','2017/3/24 00:00:00  特殊'),
	(10218,'TJXX_180d_rejtimes_nonbank',10024,1,7,'180天内-多平台驳回次数-非银',1,1,'集奥聚合','2018-01-01 00:00:00','暂无返回值描述'),
	(10219,'TJXX_180d_rejplatforms_nonbank',10024,1,7,'180天内-多平台驳回平台数-非银',1,1,'集奥聚合','2018-01-01 00:00:00','暂无返回值描述'),
	(10220,'TJXX_180d_rejfirsttime_nonbank',10024,3,7,'180天内-多平台最早驳回时间-非银',1,1,'集奥聚合','2018-01-01 00:00:00','2017/3/24 00:00:00  特殊'),
	(10221,'TJXX_180d_rejlasttime_nonbank',10024,3,7,'180天内-多平台最近驳回时间-非银',1,1,'集奥聚合','2018-01-01 00:00:00','2017/3/24 00:00:00  特殊'),
	(10222,'TJXX_3d_regtimes',10024,1,7,'3天内-多平台注册次数',1,1,'集奥聚合','2018-01-01 00:00:00','暂无返回值描述'),
	(10223,'TJXX_3d_regplatforms',10024,1,7,'3天内-多平台注册平台数',1,1,'集奥聚合','2018-01-01 00:00:00','暂无返回值描述'),
	(10224,'TJXX_3d_reglasttime',10024,3,7,'3天内-多平台最近注册时间',1,1,'集奥聚合','2018-01-01 00:00:00','2017/3/24 00:00:00  特殊'),
	(10225,'TJXX_3d_regfirsttime',10024,3,7,'3天内-多平台最早注册时间',1,1,'集奥聚合','2018-01-01 00:00:00','2017/3/24 00:00:00  特殊'),
	(10226,'TJXX_3d_apptimes',10024,1,7,'3天内-多平台申请次数',1,1,'集奥聚合','2018-01-01 00:00:00','暂无返回值描述'),
	(10227,'TJXX_3d_appplatforms',10024,1,7,'3天内-多平台申请平台数',1,1,'集奥聚合','2018-01-01 00:00:00','暂无返回值描述'),
	(10228,'TJXX_3d_appmoney',10024,2,7,'3天内-多平台最大申请金额区间',1,1,'集奥聚合','2018-01-01 00:00:00','暂无返回值描述'),
	(10229,'TJXX_3d_applasttime',10024,3,7,'3天内-多平台最近申请时间',1,1,'集奥聚合','2018-01-01 00:00:00','2017/3/24 00:00:00  特殊'),
	(10230,'TJXX_3d_appfirsttime',10024,3,7,'3天内-多平台最早申请时间',1,1,'集奥聚合','2018-01-01 00:00:00','2017/3/24 00:00:00  特殊'),
	(10231,'TJXX_3d_loantimes',10024,1,7,'3天内-多平台放款次数',1,1,'集奥聚合','2018-01-01 00:00:00','暂无返回值描述'),
	(10232,'TJXX_3d_loanplatforms',10024,1,7,'3天内-多平台放款平台数',1,1,'集奥聚合','2018-01-01 00:00:00','暂无返回值描述'),
	(10233,'TJXX_3d_loanmoney',10024,2,7,'3天内-多平台最大放款金额区间',1,1,'集奥聚合','2018-01-01 00:00:00','暂无返回值描述'),
	(10234,'TJXX_3d_loanfirsttime',10024,3,7,'3天内-多平台最早放款时间',1,1,'集奥聚合','2018-01-01 00:00:00','2017/3/24 00:00:00  特殊'),
	(10235,'TJXX_3d_loanlasttime',10024,3,7,'3天内-多平台最近放款时间',1,1,'集奥聚合','2018-01-01 00:00:00','2017/3/24 00:00:00  特殊'),
	(10236,'TJXX_3d_rejtimes',10024,1,7,'3天内-多平台驳回次数',1,1,'集奥聚合','2018-01-01 00:00:00','暂无返回值描述'),
	(10237,'TJXX_3d_rejplatforms',10024,1,7,'3天内-多平台驳回平台数',1,1,'集奥聚合','2018-01-01 00:00:00','暂无返回值描述'),
	(10238,'TJXX_3d_rejfirsttime',10024,3,7,'3天内-多平台最早驳回时间',1,1,'集奥聚合','2018-01-01 00:00:00','2017/3/24 00:00:00  特殊'),
	(10239,'TJXX_3d_rejlasttime',10024,3,7,'3天内-多平台最近驳回时间',1,1,'集奥聚合','2018-01-01 00:00:00','2017/3/24 00:00:00  特殊'),
	(10240,'TJXX_3d_regtimes_bank',10024,1,7,'3天内-多平台注册次数-银行',1,1,'集奥聚合','2018-01-01 00:00:00','暂无返回值描述'),
	(10241,'TJXX_3d_regplatforms_bank',10024,1,7,'3天内-多平台注册平台数-银行',1,1,'集奥聚合','2018-01-01 00:00:00','暂无返回值描述'),
	(10242,'TJXX_3d_reglasttime_bank',10024,3,7,'3天内-多平台最近注册时间-银行',1,1,'集奥聚合','2018-01-01 00:00:00','2017/3/24 00:00:00  特殊'),
	(10243,'TJXX_3d_regfirsttime_bank',10024,3,7,'3天内-多平台最早注册时间-银行',1,1,'集奥聚合','2018-01-01 00:00:00','2017/3/24 00:00:00  特殊'),
	(10244,'TJXX_3d_apptimes_bank',10024,1,7,'3天内-多平台申请次数-银行',1,1,'集奥聚合','2018-01-01 00:00:00','暂无返回值描述'),
	(10245,'TJXX_3d_appplatforms_bank',10024,1,7,'3天内-多平台申请平台数-银行',1,1,'集奥聚合','2018-01-01 00:00:00','暂无返回值描述'),
	(10246,'TJXX_3d_appmoney_bank',10024,2,7,'3天内-多平台最大申请金额区间-银行',1,1,'集奥聚合','2018-01-01 00:00:00','暂无返回值描述'),
	(10247,'TJXX_3d_applasttime_bank',10024,3,7,'3天内-多平台最近申请时间-银行',1,1,'集奥聚合','2018-01-01 00:00:00','2017/3/24 00:00:00  特殊'),
	(10248,'TJXX_3d_appfirsttime_bank',10024,3,7,'3天内-多平台最早申请时间-银行',1,1,'集奥聚合','2018-01-01 00:00:00','2017/3/24 00:00:00  特殊'),
	(10249,'TJXX_3d_loantimes_bank',10024,1,7,'3天内-多平台放款次数-银行',1,1,'集奥聚合','2018-01-01 00:00:00','暂无返回值描述'),
	(10250,'TJXX_3d_loanplatforms_bank',10024,1,7,'3天内-多平台放款平台数-银行',1,1,'集奥聚合','2018-01-01 00:00:00','暂无返回值描述'),
	(10251,'TJXX_3d_loanmoney_bank',10024,2,7,'3天内-多平台最大放款金额区间-银行',1,1,'集奥聚合','2018-01-01 00:00:00','暂无返回值描述'),
	(10252,'TJXX_3d_loanfirsttime_bank',10024,3,7,'3天内-多平台最早放款时间-银行',1,1,'集奥聚合','2018-01-01 00:00:00','2017/3/24 00:00:00  特殊'),
	(10253,'TJXX_3d_loanlasttime_bank',10024,3,7,'3天内-多平台最近放款时间-银行',1,1,'集奥聚合','2018-01-01 00:00:00','2017/3/24 00:00:00  特殊'),
	(10254,'TJXX_3d_rejtimes_bank',10024,1,7,'3天内-多平台驳回次数-银行',1,1,'集奥聚合','2018-01-01 00:00:00','暂无返回值描述'),
	(10255,'TJXX_3d_rejplatforms_bank',10024,1,7,'3天内-多平台驳回平台数-银行',1,1,'集奥聚合','2018-01-01 00:00:00','暂无返回值描述'),
	(10256,'TJXX_3d_rejfirsttime_bank',10024,3,7,'3天内-多平台最早驳回时间-银行',1,1,'集奥聚合','2018-01-01 00:00:00','2017/3/24 00:00:00  特殊'),
	(10257,'TJXX_3d_rejlasttime_bank',10024,3,7,'3天内-多平台最近驳回时间-银行',1,1,'集奥聚合','2018-01-01 00:00:00','2017/3/24 00:00:00  特殊'),
	(10258,'TJXX_3d_regtimes_nonbank',10024,1,7,'3天内-多平台注册次数-非银',1,1,'集奥聚合','2018-01-01 00:00:00','暂无返回值描述'),
	(10259,'TJXX_3d_regplatforms_nonbank',10024,1,7,'3天内-多平台注册平台数-非银',1,1,'集奥聚合','2018-01-01 00:00:00','暂无返回值描述'),
	(10260,'TJXX_3d_reglasttime_nonbank',10024,3,7,'3天内-多平台最近注册时间-非银',1,1,'集奥聚合','2018-01-01 00:00:00','2017/3/24 00:00:00  特殊'),
	(10261,'TJXX_3d_regfirsttime_nonbank',10024,3,7,'3天内-多平台最早注册时间-非银',1,1,'集奥聚合','2018-01-01 00:00:00','2017/3/24 00:00:00  特殊'),
	(10262,'TJXX_3d_apptimes_nonbank',10024,1,7,'3天内-多平台申请次数-非银',1,1,'集奥聚合','2018-01-01 00:00:00','暂无返回值描述'),
	(10263,'TJXX_3d_appplatforms_nonbank',10024,1,7,'3天内-多平台申请平台数-非银',1,1,'集奥聚合','2018-01-01 00:00:00','暂无返回值描述'),
	(10264,'TJXX_3d_appmoney_nonbank',10024,2,7,'3天内-多平台最大申请金额区间-非银',1,1,'集奥聚合','2018-01-01 00:00:00','暂无返回值描述'),
	(10265,'TJXX_3d_applasttime_nonbank',10024,3,7,'3天内-多平台最近申请时间-非银',1,1,'集奥聚合','2018-01-01 00:00:00','2017/3/24 00:00:00  特殊'),
	(10266,'TJXX_3d_appfirsttime_nonbank',10024,3,7,'3天内-多平台最早申请时间-非银',1,1,'集奥聚合','2018-01-01 00:00:00','2017/3/24 00:00:00  特殊'),
	(10267,'TJXX_3d_loantimes_nonbank',10024,1,7,'3天内-多平台放款次数-非银',1,1,'集奥聚合','2018-01-01 00:00:00','暂无返回值描述'),
	(10268,'TJXX_3d_loanplatforms_nonbank',10024,1,7,'3天内-多平台放款平台数-非银',1,1,'集奥聚合','2018-01-01 00:00:00','暂无返回值描述'),
	(10269,'TJXX_3d_loanmoney_nonbank',10024,2,7,'3天内-多平台最大放款金额区间-非银',1,1,'集奥聚合','2018-01-01 00:00:00','暂无返回值描述'),
	(10270,'TJXX_3d_loanfirsttime_nonbank',10024,3,7,'3天内-多平台最早放款时间-非银',1,1,'集奥聚合','2018-01-01 00:00:00','2017/3/24 00:00:00  特殊'),
	(10271,'TJXX_3d_loanlasttime_nonbank',10024,3,7,'3天内-多平台最近放款时间-非银',1,1,'集奥聚合','2018-01-01 00:00:00','2017/3/24 00:00:00  特殊'),
	(10272,'TJXX_3d_rejtimes_nonbank',10024,1,7,'3天内-多平台驳回次数-非银',1,1,'集奥聚合','2018-01-01 00:00:00','暂无返回值描述'),
	(10273,'TJXX_3d_rejplatforms_nonbank',10024,1,7,'3天内-多平台驳回平台数-非银',1,1,'集奥聚合','2018-01-01 00:00:00','暂无返回值描述'),
	(10274,'TJXX_3d_rejfirsttime_nonbank',10024,3,7,'3天内-多平台最早驳回时间-非银',1,1,'集奥聚合','2018-01-01 00:00:00','2017/3/24 00:00:00  特殊'),
	(10275,'TJXX_3d_rejlasttime_nonbank',10024,3,7,'3天内-多平台最近驳回时间-非银',1,1,'集奥聚合','2018-01-01 00:00:00','2017/3/24 00:00:00  特殊'),
	(10276,'TJXX_regtimes',10024,1,7,'多平台注册次数',1,1,'集奥聚合','2018-01-01 00:00:00','暂无返回值描述'),
	(10277,'TJXX_regplatforms',10024,1,7,'多平台注册平台数',1,1,'集奥聚合','2018-01-01 00:00:00','暂无返回值描述'),
	(10278,'TJXX_reglasttime',10024,3,7,'多平台最近注册时间',1,1,'集奥聚合','2018-01-01 00:00:00','2017/3/24 00:00:00  特殊'),
	(10279,'TJXX_regfirsttime',10024,3,7,'多平台最早注册时间',1,1,'集奥聚合','2018-01-01 00:00:00','2017/3/24 00:00:00  特殊'),
	(10280,'TJXX_apptimes',10024,1,7,'多平台申请次数',1,1,'集奥聚合','2018-01-01 00:00:00','暂无返回值描述'),
	(10281,'TJXX_appplatforms',10024,1,7,'多平台申请平台数',1,1,'集奥聚合','2018-01-01 00:00:00','暂无返回值描述'),
	(10282,'TJXX_appmoney',10024,2,7,'多平台最大申请金额区间',1,1,'集奥聚合','2018-01-01 00:00:00','暂无返回值描述'),
	(10283,'TJXX_applasttime',10024,3,7,'多平台最近申请时间',1,1,'集奥聚合','2018-01-01 00:00:00','2017/3/24 00:00:00  特殊'),
	(10284,'TJXX_appfirsttime',10024,3,7,'多平台最早申请时间',1,1,'集奥聚合','2018-01-01 00:00:00','2017/3/24 00:00:00  特殊'),
	(10285,'TJXX_loantimes',10024,1,7,'多平台放款次数',1,1,'集奥聚合','2018-01-01 00:00:00','暂无返回值描述'),
	(10286,'TJXX_loanplatforms',10024,1,7,'多平台放款平台数',1,1,'集奥聚合','2018-01-01 00:00:00','暂无返回值描述'),
	(10287,'TJXX_loanmoney',10024,2,7,'多平台最大放款金额区间',1,1,'集奥聚合','2018-01-01 00:00:00','暂无返回值描述'),
	(10288,'TJXX_loanfirsttime',10024,3,7,'多平台最早放款时间',1,1,'集奥聚合','2018-01-01 00:00:00','2017/3/24 00:00:00  特殊'),
	(10289,'TJXX_loanlasttime',10024,3,7,'多平台最近放款时间',1,1,'集奥聚合','2018-01-01 00:00:00','2017/3/24 00:00:00  特殊'),
	(10290,'TJXX_rejtimes',10024,1,7,'多平台驳回次数',1,1,'集奥聚合','2018-01-01 00:00:00','暂无返回值描述'),
	(10291,'TJXX_rejplatforms',10024,1,7,'多平台驳回平台数',1,1,'集奥聚合','2018-01-01 00:00:00','暂无返回值描述'),
	(10292,'TJXX_rejfirsttime',10024,3,7,'多平台最早驳回时间',1,1,'集奥聚合','2018-01-01 00:00:00','2017/3/24 00:00:00  特殊'),
	(10293,'TJXX_rejlasttime',10024,3,7,'多平台最近驳回时间',1,1,'集奥聚合','2018-01-01 00:00:00','2017/3/24 00:00:00  特殊'),
	(10294,'TJXX_regtimes_bank',10024,1,7,'多平台注册次数-银行',1,1,'集奥聚合','2018-01-01 00:00:00','暂无返回值描述'),
	(10295,'TJXX_regplatforms_bank',10024,1,7,'多平台注册平台数-银行',1,1,'集奥聚合','2018-01-01 00:00:00','暂无返回值描述'),
	(10296,'TJXX_reglasttime_bank',10024,3,7,'多平台最近注册时间-银行',1,1,'集奥聚合','2018-01-01 00:00:00','2017/3/24 00:00:00  特殊'),
	(10297,'TJXX_regfirsttime_bank',10024,3,7,'多平台最早注册时间-银行',1,1,'集奥聚合','2018-01-01 00:00:00','2017/3/24 00:00:00  特殊'),
	(10298,'TJXX_apptimes_bank',10024,1,7,'多平台申请次数-银行',1,1,'集奥聚合','2018-01-01 00:00:00','暂无返回值描述'),
	(10299,'TJXX_appplatforms_bank',10024,1,7,'多平台申请平台数-银行',1,1,'集奥聚合','2018-01-01 00:00:00','暂无返回值描述'),
	(10300,'TJXX_appmoney_bank',10024,2,7,'多平台最大申请金额区间-银行',1,1,'集奥聚合','2018-01-01 00:00:00','暂无返回值描述'),
	(10301,'TJXX_applasttime_bank',10024,3,7,'多平台最近申请时间-银行',1,1,'集奥聚合','2018-01-01 00:00:00','2017/3/24 00:00:00  特殊'),
	(10302,'TJXX_appfirsttime_bank',10024,3,7,'多平台最早申请时间-银行',1,1,'集奥聚合','2018-01-01 00:00:00','2017/3/24 00:00:00  特殊'),
	(10303,'TJXX_loantimes_bank',10024,1,7,'多平台放款次数-银行',1,1,'集奥聚合','2018-01-01 00:00:00','暂无返回值描述'),
	(10304,'TJXX_loanplatforms_bank',10024,1,7,'多平台放款平台数-银行',1,1,'集奥聚合','2018-01-01 00:00:00','暂无返回值描述'),
	(10305,'TJXX_loanmoney_bank',10024,2,7,'多平台最大放款金额区间-银行',1,1,'集奥聚合','2018-01-01 00:00:00','暂无返回值描述'),
	(10306,'TJXX_loanfirsttime_bank',10024,3,7,'多平台最早放款时间-银行',1,1,'集奥聚合','2018-01-01 00:00:00','2017/3/24 00:00:00  特殊'),
	(10307,'TJXX_loanlasttime_bank',10024,3,7,'多平台最近放款时间-银行',1,1,'集奥聚合','2018-01-01 00:00:00','2017/3/24 00:00:00  特殊'),
	(10308,'TJXX_rejtimes_bank',10024,1,7,'多平台驳回次数-银行',1,1,'集奥聚合','2018-01-01 00:00:00','暂无返回值描述'),
	(10309,'TJXX_rejplatforms_bank',10024,1,7,'多平台驳回平台数-银行',1,1,'集奥聚合','2018-01-01 00:00:00','暂无返回值描述'),
	(10310,'TJXX_rejfirsttime_bank',10024,3,7,'多平台最早驳回时间-银行',1,1,'集奥聚合','2018-01-01 00:00:00','2017/3/24 00:00:00  特殊'),
	(10311,'TJXX_rejlasttime_bank',10024,3,7,'多平台最近驳回时间-银行',1,1,'集奥聚合','2018-01-01 00:00:00','2017/3/24 00:00:00  特殊'),
	(10312,'TJXX_regtimes_nonbank',10024,1,7,'多平台注册次数-非银',1,1,'集奥聚合','2018-01-01 00:00:00','暂无返回值描述'),
	(10313,'TJXX_regplatforms_nonbank',10024,1,7,'多平台注册平台数-非银',1,1,'集奥聚合','2018-01-01 00:00:00','暂无返回值描述'),
	(10314,'TJXX_reglasttime_nonbank',10024,3,7,'多平台最近注册时间-非银',1,1,'集奥聚合','2018-01-01 00:00:00','2017/3/24 00:00:00  特殊'),
	(10315,'TJXX_regfirsttime_nonbank',10024,3,7,'多平台最早注册时间-非银',1,1,'集奥聚合','2018-01-01 00:00:00','2017/3/24 00:00:00  特殊'),
	(10316,'TJXX_apptimes_nonbank',10024,1,7,'多平台申请次数-非银',1,1,'集奥聚合','2018-01-01 00:00:00','暂无返回值描述'),
	(10317,'TJXX_appplatforms_nonbank',10024,1,7,'多平台申请平台数-非银',1,1,'集奥聚合','2018-01-01 00:00:00','暂无返回值描述'),
	(10318,'TJXX_appmoney_nonbank',10024,2,7,'多平台最大申请金额区间-非银',1,1,'集奥聚合','2018-01-01 00:00:00','暂无返回值描述'),
	(10319,'TJXX_applasttime_nonbank',10024,3,7,'多平台最近申请时间-非银',1,1,'集奥聚合','2018-01-01 00:00:00','2017/3/24 00:00:00  特殊'),
	(10320,'TJXX_appfirsttime_nonbank',10024,3,7,'多平台最早申请时间-非银',1,1,'集奥聚合','2018-01-01 00:00:00','2017/3/24 00:00:00  特殊'),
	(10321,'TJXX_loantimes_nonbank',10024,1,7,'多平台放款次数-非银',1,1,'集奥聚合','2018-01-01 00:00:00','暂无返回值描述'),
	(10322,'TJXX_loanplatforms_nonbank',10024,1,7,'多平台放款平台数-非银',1,1,'集奥聚合','2018-01-01 00:00:00','暂无返回值描述'),
	(10323,'TJXX_loanmoney_nonbank',10024,2,7,'多平台最大放款金额区间-非银',1,1,'集奥聚合','2018-01-01 00:00:00','暂无返回值描述'),
	(10324,'TJXX_loanfirsttime_nonbank',10024,3,7,'多平台最早放款时间-非银',1,1,'集奥聚合','2018-01-01 00:00:00','2017/3/24 00:00:00  特殊'),
	(10325,'TJXX_loanlasttime_nonbank',10024,3,7,'多平台最近放款时间-非银',1,1,'集奥聚合','2018-01-01 00:00:00','2017/3/24 00:00:00  特殊'),
	(10326,'TJXX_rejtimes_nonbank',10024,1,7,'多平台驳回次数-非银',1,1,'集奥聚合','2018-01-01 00:00:00','暂无返回值描述'),
	(10327,'TJXX_rejplatforms_nonbank',10024,1,7,'多平台驳回平台数-非银',1,1,'集奥聚合','2018-01-01 00:00:00','暂无返回值描述'),
	(10328,'TJXX_rejfirsttime_nonbank',10024,3,7,'多平台最早驳回时间-非银',1,1,'集奥聚合','2018-01-01 00:00:00','2017/3/24 00:00:00  特殊'),
	(10329,'TJXX_rejlasttime_nonbank',10024,3,7,'多平台最近驳回时间-非银',1,1,'集奥聚合','2018-01-01 00:00:00','2017/3/24 00:00:00  特殊'),
	(10330,'TJXX_90d_regtimes',10024,1,7,'90天内-多平台注册次数',1,1,'集奥聚合','2018-01-01 00:00:00','暂无返回值描述'),
	(10331,'TJXX_90d_regplatforms',10024,1,7,'90天内-多平台注册平台数',1,1,'集奥聚合','2018-01-01 00:00:00','暂无返回值描述'),
	(10332,'TJXX_90d_reglasttime',10024,3,7,'90天内-多平台最近注册时间',1,1,'集奥聚合','2018-01-01 00:00:00','2017/3/24 00:00:00  特殊'),
	(10333,'TJXX_90d_regfirsttime',10024,3,7,'90天内-多平台最早注册时间',1,1,'集奥聚合','2018-01-01 00:00:00','2017/3/24 00:00:00  特殊'),
	(10334,'TJXX_90d_apptimes',10024,1,7,'90天内-多平台申请次数',1,1,'集奥聚合','2018-01-01 00:00:00','暂无返回值描述'),
	(10335,'TJXX_90d_appplatforms',10024,1,7,'90天内-多平台申请平台数',1,1,'集奥聚合','2018-01-01 00:00:00','暂无返回值描述'),
	(10336,'TJXX_90d_appmoney',10024,2,7,'90天内-多平台最大申请金额区间',1,1,'集奥聚合','2018-01-01 00:00:00','暂无返回值描述'),
	(10337,'TJXX_90d_applasttime',10024,3,7,'90天内-多平台最近申请时间',1,1,'集奥聚合','2018-01-01 00:00:00','2017/3/24 00:00:00  特殊'),
	(10338,'TJXX_90d_appfirsttime',10024,3,7,'90天内-多平台最早申请时间',1,1,'集奥聚合','2018-01-01 00:00:00','2017/3/24 00:00:00  特殊'),
	(10339,'TJXX_90d_loantimes',10024,1,7,'90天内-多平台放款次数',1,1,'集奥聚合','2018-01-01 00:00:00','暂无返回值描述'),
	(10340,'TJXX_90d_loanplatforms',10024,1,7,'90天内-多平台放款平台数',1,1,'集奥聚合','2018-01-01 00:00:00','暂无返回值描述'),
	(10341,'TJXX_90d_loanmoney',10024,2,7,'90天内-多平台最大放款金额区间',1,1,'集奥聚合','2018-01-01 00:00:00','暂无返回值描述'),
	(10342,'TJXX_90d_loanfirsttime',10024,3,7,'90天内-多平台最早放款时间',1,1,'集奥聚合','2018-01-01 00:00:00','2017/3/24 00:00:00  特殊'),
	(10343,'TJXX_90d_loanlasttime',10024,3,7,'90天内-多平台最近放款时间',1,1,'集奥聚合','2018-01-01 00:00:00','2017/3/24 00:00:00  特殊'),
	(10344,'TJXX_90d_rejtimes',10024,1,7,'90天内-多平台驳回次数',1,1,'集奥聚合','2018-01-01 00:00:00','暂无返回值描述'),
	(10345,'TJXX_90d_rejplatforms',10024,1,7,'90天内-多平台驳回平台数',1,1,'集奥聚合','2018-01-01 00:00:00','暂无返回值描述'),
	(10346,'TJXX_90d_rejfirsttime',10024,3,7,'90天内-多平台最早驳回时间',1,1,'集奥聚合','2018-01-01 00:00:00','2017/3/24 00:00:00  特殊'),
	(10347,'TJXX_90d_rejlasttime',10024,3,7,'90天内-多平台最近驳回时间',1,1,'集奥聚合','2018-01-01 00:00:00','2017/3/24 00:00:00  特殊'),
	(10348,'TJXX_90d_regtimes_bank',10024,1,7,'90天内-多平台注册次数-银行',1,1,'集奥聚合','2018-01-01 00:00:00','暂无返回值描述'),
	(10349,'TJXX_90d_regplatforms_bank',10024,1,7,'90天内-多平台注册平台数-银行',1,1,'集奥聚合','2018-01-01 00:00:00','暂无返回值描述'),
	(10350,'TJXX_90d_reglasttime_bank',10024,3,7,'90天内-多平台最近注册时间-银行',1,1,'集奥聚合','2018-01-01 00:00:00','2017/3/24 00:00:00  特殊'),
	(10351,'TJXX_90d_regfirsttime_bank',10024,3,7,'90天内-多平台最早注册时间-银行',1,1,'集奥聚合','2018-01-01 00:00:00','2017/3/24 00:00:00  特殊'),
	(10352,'TJXX_90d_apptimes_bank',10024,1,7,'90天内-多平台申请次数-银行',1,1,'集奥聚合','2018-01-01 00:00:00','暂无返回值描述'),
	(10353,'TJXX_90d_appplatforms_bank',10024,1,7,'90天内-多平台申请平台数-银行',1,1,'集奥聚合','2018-01-01 00:00:00','暂无返回值描述'),
	(10354,'TJXX_90d_appmoney_bank',10024,2,7,'90天内-多平台最大申请金额区间-银行',1,1,'集奥聚合','2018-01-01 00:00:00','暂无返回值描述'),
	(10355,'TJXX_90d_applasttime_bank',10024,3,7,'90天内-多平台最近申请时间-银行',1,1,'集奥聚合','2018-01-01 00:00:00','2017/3/24 00:00:00  特殊'),
	(10356,'TJXX_90d_appfirsttime_bank',10024,3,7,'90天内-多平台最早申请时间-银行',1,1,'集奥聚合','2018-01-01 00:00:00','2017/3/24 00:00:00  特殊'),
	(10357,'TJXX_90d_loantimes_bank',10024,1,7,'90天内-多平台放款次数-银行',1,1,'集奥聚合','2018-01-01 00:00:00','暂无返回值描述'),
	(10358,'TJXX_90d_loanplatforms_bank',10024,1,7,'90天内-多平台放款平台数-银行',1,1,'集奥聚合','2018-01-01 00:00:00','暂无返回值描述'),
	(10359,'TJXX_90d_loanmoney_bank',10024,2,7,'90天内-多平台最大放款金额区间-银行',1,1,'集奥聚合','2018-01-01 00:00:00','暂无返回值描述'),
	(10360,'TJXX_90d_loanfirsttime_bank',10024,3,7,'90天内-多平台最早放款时间-银行',1,1,'集奥聚合','2018-01-01 00:00:00','2017/3/24 00:00:00  特殊'),
	(10361,'TJXX_90d_loanlasttime_bank',10024,3,7,'90天内-多平台最近放款时间-银行',1,1,'集奥聚合','2018-01-01 00:00:00','2017/3/24 00:00:00  特殊'),
	(10362,'TJXX_90d_rejtimes_bank',10024,1,7,'90天内-多平台驳回次数-银行',1,1,'集奥聚合','2018-01-01 00:00:00','暂无返回值描述'),
	(10363,'TJXX_90d_rejplatforms_bank',10024,1,7,'90天内-多平台驳回平台数-银行',1,1,'集奥聚合','2018-01-01 00:00:00','暂无返回值描述'),
	(10364,'TJXX_90d_rejfirsttime_bank',10024,3,7,'90天内-多平台最早驳回时间-银行',1,1,'集奥聚合','2018-01-01 00:00:00','2017/3/24 00:00:00  特殊'),
	(10365,'TJXX_90d_rejlasttime_bank',10024,3,7,'90天内-多平台最近驳回时间-银行',1,1,'集奥聚合','2018-01-01 00:00:00','2017/3/24 00:00:00  特殊'),
	(10366,'TJXX_90d_regtimes_nonbank',10024,1,7,'90天内-多平台注册次数-非银',1,1,'集奥聚合','2018-01-01 00:00:00','暂无返回值描述'),
	(10367,'TJXX_90d_regplatforms_nonbank',10024,1,7,'90天内-多平台注册平台数-非银',1,1,'集奥聚合','2018-01-01 00:00:00','暂无返回值描述'),
	(10368,'TJXX_90d_reglasttime_nonbank',10024,3,7,'90天内-多平台最近注册时间-非银',1,1,'集奥聚合','2018-01-01 00:00:00','2017/3/24 00:00:00  特殊'),
	(10369,'TJXX_90d_regfirsttime_nonbank',10024,3,7,'90天内-多平台最早注册时间-非银',1,1,'集奥聚合','2018-01-01 00:00:00','2017/3/24 00:00:00  特殊'),
	(10370,'TJXX_90d_apptimes_nonbank',10024,1,7,'90天内-多平台申请次数-非银',1,1,'集奥聚合','2018-01-01 00:00:00','暂无返回值描述'),
	(10371,'TJXX_90d_appplatforms_nonbank',10024,1,7,'90天内-多平台申请平台数-非银',1,1,'集奥聚合','2018-01-01 00:00:00','暂无返回值描述'),
	(10372,'TJXX_90d_appmoney_nonbank',10024,2,7,'90天内-多平台最大申请金额区间-非银',1,1,'集奥聚合','2018-01-01 00:00:00','暂无返回值描述'),
	(10373,'TJXX_90d_applasttime_nonbank',10024,3,7,'90天内-多平台最近申请时间-非银',1,1,'集奥聚合','2018-01-01 00:00:00','2017/3/24 00:00:00  特殊'),
	(10374,'TJXX_90d_appfirsttime_nonbank',10024,3,7,'90天内-多平台最早申请时间-非银',1,1,'集奥聚合','2018-01-01 00:00:00','2017/3/24 00:00:00  特殊'),
	(10375,'TJXX_90d_loantimes_nonbank',10024,1,7,'90天内-多平台放款次数-非银',1,1,'集奥聚合','2018-01-01 00:00:00','暂无返回值描述'),
	(10376,'TJXX_90d_loanplatforms_nonbank',10024,1,7,'90天内-多平台放款平台数-非银',1,1,'集奥聚合','2018-01-01 00:00:00','暂无返回值描述'),
	(10377,'TJXX_90d_loanmoney_nonbank',10024,2,7,'90天内-多平台最大放款金额区间-非银',1,1,'集奥聚合','2018-01-01 00:00:00','暂无返回值描述'),
	(10378,'TJXX_90d_loanfirsttime_nonbank',10024,3,7,'90天内-多平台最早放款时间-非银',1,1,'集奥聚合','2018-01-01 00:00:00','2017/3/24 00:00:00  特殊'),
	(10379,'TJXX_90d_loanlasttime_nonbank',10024,3,7,'90天内-多平台最近放款时间-非银',1,1,'集奥聚合','2018-01-01 00:00:00','2017/3/24 00:00:00  特殊'),
	(10380,'TJXX_90d_rejtimes_nonbank',10024,1,7,'90天内-多平台驳回次数-非银',1,1,'集奥聚合','2018-01-01 00:00:00','暂无返回值描述'),
	(10381,'TJXX_90d_rejplatforms_nonbank',10024,1,7,'90天内-多平台驳回平台数-非银',1,1,'集奥聚合','2018-01-01 00:00:00','暂无返回值描述'),
	(10382,'TJXX_90d_rejfirsttime_nonbank',10024,3,7,'90天内-多平台最早驳回时间-非银',1,1,'集奥聚合','2018-01-01 00:00:00','2017/3/24 00:00:00  特殊'),
	(10383,'TJXX_90d_rejlasttime_nonbank',10024,3,7,'90天内-多平台最近驳回时间-非银',1,1,'集奥聚合','2018-01-01 00:00:00','2017/3/24 00:00:00  特殊'),
	(10384,'TJXX_60d_regtimes',10024,1,7,'60天内-多平台注册次数',1,1,'集奥聚合','2018-01-01 00:00:00','暂无返回值描述'),
	(10385,'TJXX_60d_regplatforms',10024,1,7,'60天内-多平台注册平台数',1,1,'集奥聚合','2018-01-01 00:00:00','暂无返回值描述'),
	(10386,'TJXX_60d_reglasttime',10024,3,7,'60天内-多平台最近注册时间',1,1,'集奥聚合','2018-01-01 00:00:00','2017/3/24 00:00:00  特殊'),
	(10387,'TJXX_60d_regfirsttime',10024,3,7,'60天内-多平台最早注册时间',1,1,'集奥聚合','2018-01-01 00:00:00','2017/3/24 00:00:00  特殊'),
	(10388,'TJXX_60d_apptimes',10024,1,7,'60天内-多平台申请次数',1,1,'集奥聚合','2018-01-01 00:00:00','暂无返回值描述'),
	(10389,'TJXX_60d_appplatforms',10024,1,7,'60天内-多平台申请平台数',1,1,'集奥聚合','2018-01-01 00:00:00','暂无返回值描述'),
	(10390,'TJXX_60d_appmoney',10024,2,7,'60天内-多平台最大申请金额区间',1,1,'集奥聚合','2018-01-01 00:00:00','暂无返回值描述'),
	(10391,'TJXX_60d_applasttime',10024,3,7,'60天内-多平台最近申请时间',1,1,'集奥聚合','2018-01-01 00:00:00','2017/3/24 00:00:00  特殊'),
	(10392,'TJXX_60d_appfirsttime',10024,3,7,'60天内-多平台最早申请时间',1,1,'集奥聚合','2018-01-01 00:00:00','2017/3/24 00:00:00  特殊'),
	(10393,'TJXX_60d_loantimes',10024,1,7,'60天内-多平台放款次数',1,1,'集奥聚合','2018-01-01 00:00:00','暂无返回值描述'),
	(10394,'TJXX_60d_loanplatforms',10024,1,7,'60天内-多平台放款平台数',1,1,'集奥聚合','2018-01-01 00:00:00','暂无返回值描述'),
	(10395,'TJXX_60d_loanmoney',10024,2,7,'60天内-多平台最大放款金额区间',1,1,'集奥聚合','2018-01-01 00:00:00','暂无返回值描述'),
	(10396,'TJXX_60d_loanfirsttime',10024,3,7,'60天内-多平台最早放款时间',1,1,'集奥聚合','2018-01-01 00:00:00','2017/3/24 00:00:00  特殊'),
	(10397,'TJXX_60d_loanlasttime',10024,3,7,'60天内-多平台最近放款时间',1,1,'集奥聚合','2018-01-01 00:00:00','2017/3/24 00:00:00  特殊'),
	(10398,'TJXX_60d_rejtimes',10024,1,7,'60天内-多平台驳回次数',1,1,'集奥聚合','2018-01-01 00:00:00','暂无返回值描述'),
	(10399,'TJXX_60d_rejplatforms',10024,1,7,'60天内-多平台驳回平台数',1,1,'集奥聚合','2018-01-01 00:00:00','暂无返回值描述'),
	(10400,'TJXX_60d_rejfirsttime',10024,3,7,'60天内-多平台最早驳回时间',1,1,'集奥聚合','2018-01-01 00:00:00','2017/3/24 00:00:00  特殊'),
	(10401,'TJXX_60d_rejlasttime',10024,3,7,'60天内-多平台最近驳回时间',1,1,'集奥聚合','2018-01-01 00:00:00','2017/3/24 00:00:00  特殊'),
	(10402,'TJXX_60d_regtimes_bank',10024,1,7,'60天内-多平台注册次数-银行',1,1,'集奥聚合','2018-01-01 00:00:00','暂无返回值描述'),
	(10403,'TJXX_60d_regplatforms_bank',10024,1,7,'60天内-多平台注册平台数-银行',1,1,'集奥聚合','2018-01-01 00:00:00','暂无返回值描述'),
	(10404,'TJXX_60d_reglasttime_bank',10024,3,7,'60天内-多平台最近注册时间-银行',1,1,'集奥聚合','2018-01-01 00:00:00','2017/3/24 00:00:00  特殊'),
	(10405,'TJXX_60d_regfirsttime_bank',10024,3,7,'60天内-多平台最早注册时间-银行',1,1,'集奥聚合','2018-01-01 00:00:00','2017/3/24 00:00:00  特殊'),
	(10406,'TJXX_60d_apptimes_bank',10024,1,7,'60天内-多平台申请次数-银行',1,1,'集奥聚合','2018-01-01 00:00:00','暂无返回值描述'),
	(10407,'TJXX_60d_appplatforms_bank',10024,1,7,'60天内-多平台申请平台数-银行',1,1,'集奥聚合','2018-01-01 00:00:00','暂无返回值描述'),
	(10408,'TJXX_60d_appmoney_bank',10024,2,7,'60天内-多平台最大申请金额区间-银行',1,1,'集奥聚合','2018-01-01 00:00:00','暂无返回值描述'),
	(10409,'TJXX_60d_applasttime_bank',10024,3,7,'60天内-多平台最近申请时间-银行',1,1,'集奥聚合','2018-01-01 00:00:00','2017/3/24 00:00:00  特殊'),
	(10410,'TJXX_60d_appfirsttime_bank',10024,3,7,'60天内-多平台最早申请时间-银行',1,1,'集奥聚合','2018-01-01 00:00:00','2017/3/24 00:00:00  特殊'),
	(10411,'TJXX_60d_loantimes_bank',10024,1,7,'60天内-多平台放款次数-银行',1,1,'集奥聚合','2018-01-01 00:00:00','暂无返回值描述'),
	(10412,'TJXX_60d_loanplatforms_bank',10024,1,7,'60天内-多平台放款平台数-银行',1,1,'集奥聚合','2018-01-01 00:00:00','暂无返回值描述'),
	(10413,'TJXX_60d_loanmoney_bank',10024,2,7,'60天内-多平台最大放款金额区间-银行',1,1,'集奥聚合','2018-01-01 00:00:00','暂无返回值描述'),
	(10414,'TJXX_60d_loanfirsttime_bank',10024,3,7,'60天内-多平台最早放款时间-银行',1,1,'集奥聚合','2018-01-01 00:00:00','2017/3/24 00:00:00  特殊'),
	(10415,'TJXX_60d_loanlasttime_bank',10024,3,7,'60天内-多平台最近放款时间-银行',1,1,'集奥聚合','2018-01-01 00:00:00','2017/3/24 00:00:00  特殊'),
	(10416,'TJXX_60d_rejtimes_bank',10024,1,7,'60天内-多平台驳回次数-银行',1,1,'集奥聚合','2018-01-01 00:00:00','暂无返回值描述'),
	(10417,'TJXX_60d_rejplatforms_bank',10024,1,7,'60天内-多平台驳回平台数-银行',1,1,'集奥聚合','2018-01-01 00:00:00','暂无返回值描述'),
	(10418,'TJXX_60d_rejfirsttime_bank',10024,3,7,'60天内-多平台最早驳回时间-银行',1,1,'集奥聚合','2018-01-01 00:00:00','2017/3/24 00:00:00  特殊'),
	(10419,'TJXX_60d_rejlasttime_bank',10024,3,7,'60天内-多平台最近驳回时间-银行',1,1,'集奥聚合','2018-01-01 00:00:00','2017/3/24 00:00:00  特殊'),
	(10420,'TJXX_60d_regtimes_nonbank',10024,1,7,'60天内-多平台注册次数-非银',1,1,'集奥聚合','2018-01-01 00:00:00','暂无返回值描述'),
	(10421,'TJXX_60d_regplatforms_nonbank',10024,1,7,'60天内-多平台注册平台数-非银',1,1,'集奥聚合','2018-01-01 00:00:00','暂无返回值描述'),
	(10422,'TJXX_60d_reglasttime_nonbank',10024,3,7,'60天内-多平台最近注册时间-非银',1,1,'集奥聚合','2018-01-01 00:00:00','2017/3/24 00:00:00  特殊'),
	(10423,'TJXX_60d_regfirsttime_nonbank',10024,3,7,'60天内-多平台最早注册时间-非银',1,1,'集奥聚合','2018-01-01 00:00:00','2017/3/24 00:00:00  特殊'),
	(10424,'TJXX_60d_apptimes_nonbank',10024,1,7,'60天内-多平台申请次数-非银',1,1,'集奥聚合','2018-01-01 00:00:00','暂无返回值描述'),
	(10425,'TJXX_60d_appplatforms_nonbank',10024,1,7,'60天内-多平台申请平台数-非银',1,1,'集奥聚合','2018-01-01 00:00:00','暂无返回值描述'),
	(10426,'TJXX_60d_appmoney_nonbank',10024,2,7,'60天内-多平台最大申请金额区间-非银',1,1,'集奥聚合','2018-01-01 00:00:00','暂无返回值描述'),
	(10427,'TJXX_60d_applasttime_nonbank',10024,3,7,'60天内-多平台最近申请时间-非银',1,1,'集奥聚合','2018-01-01 00:00:00','2017/3/24 00:00:00  特殊'),
	(10428,'TJXX_60d_appfirsttime_nonbank',10024,3,7,'60天内-多平台最早申请时间-非银',1,1,'集奥聚合','2018-01-01 00:00:00','2017/3/24 00:00:00  特殊'),
	(10429,'TJXX_60d_loantimes_nonbank',10024,1,7,'60天内-多平台放款次数-非银',1,1,'集奥聚合','2018-01-01 00:00:00','暂无返回值描述'),
	(10430,'TJXX_60d_loanplatforms_nonbank',10024,1,7,'60天内-多平台放款平台数-非银',1,1,'集奥聚合','2018-01-01 00:00:00','暂无返回值描述'),
	(10431,'TJXX_60d_loanmoney_nonbank',10024,2,7,'60天内-多平台最大放款金额区间-非银',1,1,'集奥聚合','2018-01-01 00:00:00','暂无返回值描述'),
	(10432,'TJXX_60d_loanfirsttime_nonbank',10024,3,7,'60天内-多平台最早放款时间-非银',1,1,'集奥聚合','2018-01-01 00:00:00','2017/3/24 00:00:00  特殊'),
	(10433,'TJXX_60d_loanlasttime_nonbank',10024,3,7,'60天内-多平台最近放款时间-非银',1,1,'集奥聚合','2018-01-01 00:00:00','2017/3/24 00:00:00  特殊'),
	(10434,'TJXX_60d_rejtimes_nonbank',10024,1,7,'60天内-多平台驳回次数-非银',1,1,'集奥聚合','2018-01-01 00:00:00','暂无返回值描述'),
	(10435,'TJXX_60d_rejplatforms_nonbank',10024,1,7,'60天内-多平台驳回平台数-非银',1,1,'集奥聚合','2018-01-01 00:00:00','暂无返回值描述'),
	(10436,'TJXX_60d_rejfirsttime_nonbank',10024,3,7,'60天内-多平台最早驳回时间-非银',1,1,'集奥聚合','2018-01-01 00:00:00','2017/3/24 00:00:00  特殊'),
	(10437,'TJXX_60d_rejlasttime_nonbank',10024,3,7,'60天内-多平台最近驳回时间-非银',1,1,'集奥聚合','2018-01-01 00:00:00','2017/3/24 00:00:00  特殊'),
	(10438,'telloc',10025,2,9,'号码标签-归属地',1,1,'集奥聚合','2018-01-01 00:00:00','河北石家庄联通'),
	(10439,'itag_ids ',10025,2,9,'号码标签-金融标签组',1,1,'集奥聚合','2018-01-01 00:00:00','标签组，如[]'),
	(10440,'name ',10025,2,9,'号码标签-商户名称',1,1,'集奥聚合','2018-01-01 00:00:00','商户名称  例：招商银行 '),
	(10441,'catnames ',10025,2,9,'号码标签-号码分类信息',0,1,'集奥聚合','2018-01-01 00:00:00','号码分类信息   例：银行热线 '),
	(10442,'flag_fid',10025,2,9,'号码标签-标记ID',1,1,'集奥聚合','2018-01-01 00:00:00','暂无返回值描述'),
	(10443,'flag_type',10025,2,9,'号码标签-标记说明',1,1,'集奥聚合','2018-01-01 00:00:00','标记说明，如骚扰电话'),
	(10444,'flag_num',10025,1,9,'号码标签-标记数量',1,1,'集奥聚合','2018-01-01 00:00:00','标记用户数'),
	(10445,'status ',10025,2,9,'号码标签-标记状态',1,1,'集奥聚合','2018-01-01 00:00:00','状态   0为正常，非0为错误 '),
	(10446,'telnum',10025,2,9,'号码标签-号码',1,1,'集奥聚合','2018-01-01 00:00:00',' 电话号码'),
	(10447,'realName',10026,2,9,'号码风险标签-真实姓名',1,1,'集奥聚合','2018-01-01 00:00:00','暂无返回值描述'),
	(10448,'callertag_tagType',10026,2,9,'号码风险标签-标签类型',1,1,'集奥聚合','2018-01-01 00:00:00','暂无返回值描述'),
	(10449,'callertag_updateTime',10026,3,9,'号码风险标签-更新时间',1,1,'集奥聚合','2018-01-01 00:00:00','2017-03-24 00:00:00  特殊'),
	(10450,'black_updateTime',10026,3,9,'号码风险标签-虚假手机号更新时间',1,1,'集奥聚合','2018-01-01 00:00:00','2017-03-24 00:00:00  特殊'),
	(10451,'alt_updateTime',10026,3,9,'号码风险标签-小号更新时间',1,1,'集奥聚合','2018-01-01 00:00:00','2017-03-24 00:00:00  特殊'),
	(10452,'idNumber',10026,2,9,'号码风险标签-身份证号码',1,1,'集奥聚合','2018-01-01 00:00:00','暂无返回值描述'),
	(10453,'phone1',10026,2,9,'号码风险标签-手机号',1,1,'集奥聚合','2018-01-01 00:00:00','暂无返回值描述'),
	(10454,'ownPhoneNumber',10027,1,4,'自然人拥有手机号码个数',1,1,'集奥聚合','2018-01-01 00:00:00','0：不大于2个，1：大于2个，99：手机号已离网'),
	(10455,'phoneDepartStatus',10028,1,3,'手机号码出境状态查询',1,1,'集奥聚合','2018-01-01 00:00:00','1：在境外，2：在境内'),
	(10456,'phoneDataLevel',10029,2,4,'手机号码数据流量档次查询',1,1,'集奥聚合','2018-01-01 00:00:00','01：[0,100)，02：[100,400)，03：[400,1000)，04：[1000,2000)，05：[2000,+)'),
	(10457,'consumerGrade',10030,2,4,'消费等级查询',1,1,'集奥聚合','2018-01-01 00:00:00','01：[0,50]，02：(50,100)，011：(20,50]，010：[0,20]，004：(160,+)，003：(80,160]，002：(40,80], 001：[0,40], 4：(200,+), 3：(100,200],  99:手机号已经离网'),
	(10458,'cpws_sortTime',10031,4,10,'裁判文书—审结时间',1,1,'北京集奥聚合','2018-04-01 00:00:00','1495123200000'),
	(10459,'cpws_body',10031,2,10,'裁判文书—内容',1,1,'北京集奥聚合','2018-04-01 00:00:00','内容字符串'),
	(10460,'cpws_caseType',10031,2,10,'裁判文书—案由',1,1,'北京集奥聚合','2018-04-01 00:00:00','内容字符串'),
	(10461,'cpws_sortTimeString',10031,4,10,'裁判文书—审结时间日期',1,1,'北京集奥聚合','2018-04-01 00:00:00','2017年05月19日'),
	(10462,'cpws_trialProcedure',10031,2,10,'裁判文书—审理程序',1,1,'北京集奥聚合','2018-04-01 00:00:00','二审'),
	(10463,'cpws_court',10031,2,10,'裁判文书—法院名称',1,1,'北京集奥聚合','2018-04-01 00:00:00','法院名称'),
	(10464,'cpws_entryId',10031,2,10,'裁判文书—裁判文书ID',1,1,'北京集奥聚合','2018-04-01 00:00:00','案件流程唯一标识'),
	(10465,'cpws_dataType',10031,2,10,'裁判文书—维度',1,1,'北京集奥聚合','2018-04-01 00:00:00','cpws'),
	(10466,'cpws_caseCause',10031,2,10,'裁判文书—案由',1,1,'北京集奥聚合','2018-04-01 00:00:00','内容字符串'),
	(10467,'cpws_title',10031,2,10,'裁判文书—标题',1,1,'北京集奥聚合','2018-04-01 00:00:00','标题字符串'),
	(10468,'cpws_partyId',10031,2,10,'裁判文书—当事人ID',1,1,'北京集奥聚合','2018-04-01 00:00:00','c20173704minxiazhong115_t20171016_pzhaoyubo_rt_111'),
	(10469,'cpws_judge',10031,2,10,'裁判文书—审判员',1,1,'北京集奥聚合','2018-04-01 00:00:00','审判员'),
	(10470,'cpws_matchRatio',10031,1,10,'裁判文书—匹配度',1,1,'北京集奥聚合','2018-04-01 00:00:00','0.99'),
	(10471,'cpws_pname',10031,2,10,'裁判文书—当事人',1,1,'北京集奥聚合','2018-04-01 00:00:00','详细请参照当事人数据字典详细说明'),
	(10472,'cpws_caseNo',10031,2,10,'裁判文书—案号',1,1,'北京集奥聚合','2018-04-01 00:00:00','（2017）鲁04民辖终115号'),
	(10473,'cpws_judgeResult',10031,2,10,'裁判文书—判决结果',1,1,'北京集奥聚合','2018-04-01 00:00:00','结果字符串'),
	(10474,'cpws_yiju',10031,2,10,'裁判文书—依据',1,1,'北京集奥聚合','2018-04-01 00:00:00','依据字符串'),
	(10475,'cpws_courtRank',10031,2,10,'裁判文书—法院等级',1,1,'北京集奥聚合','2018-04-01 00:00:00','1: 最高院2: 高院3: 中院4:其他'),
	(10477,'zxgg_sortTime',10031,4,10,'执行公告-立案时间',1,1,'北京集奥聚合','2018-04-01 00:00:00','1495123200000'),
	(10478,'zxgg_body',10031,2,10,'执行公告-内容',1,1,'北京集奥聚合','2018-04-01 00:00:00','概要'),
	(10479,'zxgg_sortTimeString',10031,2,10,'执行公告-立案时间',1,1,'北京集奥聚合','2018-04-01 00:00:00','2017年05月19日'),
	(10480,'zxgg_court',10031,2,10,'执行公告-执行法院名称',1,1,'北京集奥聚合','2018-04-01 00:00:00','法院名称'),
	(10481,'zxgg_idcardNo',10031,2,10,'执行公告-身份证/组织机构代码',1,1,'北京集奥聚合','2018-04-01 00:00:00','2305231993****231X'),
	(10482,'zxgg_entryId',10031,2,10,'执行公告-执行公告ID',1,1,'北京集奥聚合','2018-04-01 00:00:00','执行公告唯一的标识'),
	(10483,'zxgg_title',10031,2,10,'执行公告-标题',1,1,'北京集奥聚合','2018-04-01 00:00:00','标题字符串'),
	(10484,'zxgg_dataType',10031,2,10,'执行公告-维度',1,1,'北京集奥聚合','2018-04-01 00:00:00','zxgg'),
	(10485,'zxgg_matchRatio',10031,2,10,'执行公告-匹配度',1,1,'北京集奥聚合','2018-04-01 00:00:00','0.99'),
	(10486,'zxgg_pname',10031,2,10,'执行公告-当事人',1,1,'北京集奥聚合','2018-04-01 00:00:00','董庆彬'),
	(10487,'zxgg_caseNo',10031,2,10,'执行公告-案号',1,1,'北京集奥聚合','2018-04-01 00:00:00','（2017）鲁04民辖终115号'),
	(10488,'zxgg_caseState',10031,2,10,'执行公告-案件状态',1,1,'北京集奥聚合','2018-04-01 00:00:00','内容字符串'),
	(10489,'zxgg_execMoney',10031,1,10,'执行公告-执行标的',1,1,'北京集奥聚合','2018-04-01 00:00:00','9000.0'),
	(10491,'shixin_sortTime',10031,4,10,'失信公告-立案时间',1,1,'北京集奥聚合','2018-04-01 00:00:00','1495123200000'),
	(10492,'shixin_body',10031,2,10,'失信公告-内容',1,1,'北京集奥聚合','2018-04-01 00:00:00','概要'),
	(10493,'shixin_sortTimeString',10031,4,10,'失信公告-立案时间',1,1,'北京集奥聚合','2018-04-01 00:00:00','2017年05月19日'),
	(10494,'shixin_sex',10031,2,10,'失信公告-性别',1,1,'北京集奥聚合','2018-04-01 00:00:00','男'),
	(10495,'shixin_lxqk',10031,2,10,'失信公告-被执行人的履行情况',1,1,'北京集奥聚合','2018-04-01 00:00:00','“全部未履行”，“部分未履行”，“全部已履行”，等等描述文字.'),
	(10496,'shixin_yjCode',10031,2,10,'失信公告-执行依据文号',1,1,'北京集奥聚合','2018-04-01 00:00:00','（2017）黑0523执367号'),
	(10497,'shixin_court',10031,2,10,'失信公告-执行法院名称',1,1,'北京集奥聚合','2018-04-01 00:00:00','法院名称'),
	(10498,'shixin_idcardNo',10031,2,10,'失信公告-身份证/组织机构代码',1,1,'北京集奥聚合','2018-04-01 00:00:00','2305231993****231X'),
	(10499,'shixin_entryId',10031,2,10,'失信公告-失信公告ID',1,1,'北京集奥聚合','2018-04-01 00:00:00','失信公告唯一的标识'),
	(10500,'shixin_yjdw',10031,2,10,'失信公告-做出执行依据单位',1,1,'北京集奥聚合','2018-04-01 00:00:00','内容字符串'),
	(10501,'shixin_dataType',10031,2,10,'失信公告-维度',1,1,'北京集奥聚合','2018-04-01 00:00:00','shixin'),
	(10502,'shixin_jtqx',10031,2,10,'失信公告-失信被执行人行为具体情形',1,1,'北京集奥聚合','2018-04-01 00:00:00','有履行能力而拒不履行生效法律文书确定义务的'),
	(10503,'shixin_yiwu',10031,2,10,'失信公告-生效法律文书确定的义务',1,1,'北京集奥聚合','2018-04-01 00:00:00','内容字符串'),
	(10504,'shixin_age',10031,1,10,'失信公告-年龄',1,1,'北京集奥聚合','2018-04-01 00:00:00','30'),
	(10505,'shixin_matchRatio',10031,1,10,'失信公告-匹配度',1,1,'北京集奥聚合','2018-04-01 00:00:00',' 0.99'),
	(10506,'shixin_province',10031,2,10,'失信公告-省份',1,1,'北京集奥聚合','2018-04-01 00:00:00','省份'),
	(10507,'shixin_pname',10031,2,10,'失信公告-被执行人姓名',1,1,'北京集奥聚合','2018-04-01 00:00:00','姓名'),
	(10508,'shixin_caseNo',10031,2,10,'失信公告-案号',1,1,'北京集奥聚合','2018-04-01 00:00:00','（2017）黑0523执367号'),
	(10509,'shixin_postTime',10031,4,10,'失信公告-发布时间',1,1,'北京集奥聚合','2018-04-01 00:00:00','1495641600000'),
	(10511,'bgt_sortTime',10031,4,10,'曝光台-立案日期',1,1,'北京集奥聚合','2018-04-01 00:00:00','2017年05月19日'),
	(10512,'bgt_body',10031,2,10,'曝光台-内容',1,1,'北京集奥聚合','2018-04-01 00:00:00','概要'),
	(10513,'bgt_sortTimeString',10031,4,10,'曝光台-立案日期',1,1,'北京集奥聚合','2018-04-01 00:00:00','2017年05月19日'),
	(10514,'bgt_bgDate',10031,4,10,'曝光台-曝光日期',1,1,'北京集奥聚合','2018-04-01 00:00:00','暂无返回值描述'),
	(10515,'bgt_partyType',10031,2,10,'曝光台-当事人类型',1,1,'北京集奥聚合','2018-04-01 00:00:00','内容字符串'),
	(10516,'bgt_court',10031,2,10,'曝光台-法院名称',1,1,'北京集奥聚合','2018-04-01 00:00:00','内容字符串'),
	(10517,'bgt_proposer',10031,2,10,'曝光台-申请人',1,1,'北京集奥聚合','2018-04-01 00:00:00','内容字符串'),
	(10518,'bgt_idcardNo',10031,2,10,'曝光台-身份证/组织机构代码',1,1,'北京集奥聚合','2018-04-01 00:00:00','2305231993****231X'),
	(10519,'bgt_entryId',10031,2,10,'曝光台-曝光台ID',1,1,'北京集奥聚合','2018-04-01 00:00:00','曝光台唯一标识'),
	(10520,'bgt_dataType',10031,2,10,'曝光台-维度',1,1,'北京集奥聚合','2018-04-01 00:00:00','bgt'),
	(10521,'bgt_caseCause',10031,2,10,'曝光台-案由',1,1,'北京集奥聚合','2018-04-01 00:00:00','内容字符串'),
	(10522,'bgt_unnexeMoney',10031,1,10,'曝光台-未执行金额',1,1,'北京集奥聚合','2018-04-01 00:00:00','9000.0'),
	(10523,'bgt_address',10031,2,10,'曝光台-地址',1,1,'北京集奥聚合','2018-04-01 00:00:00','地址'),
	(10524,'bgt_matchRatio',10031,1,10,'曝光台-匹配度',1,1,'北京集奥聚合','2018-04-01 00:00:00','0.99'),
	(10525,'bgt_pname',10031,2,10,'曝光台-当事人',1,1,'北京集奥聚合','2018-04-01 00:00:00','姓名'),
	(10526,'bgt_caseNo',10031,2,10,'曝光台-案号',1,1,'北京集奥聚合','2018-04-01 00:00:00','（2017）黑0523执367号'),
	(10527,'bgt_yiju',10031,2,10,'曝光台-依据',1,1,'北京集奥聚合','2018-04-01 00:00:00','内容字符串'),
	(10528,'bgt_execMoney',10031,1,10,'曝光台-标的金额',1,1,'北京集奥聚合','2018-04-01 00:00:00','9000.0'),
	(10529,'antifraud_equipment_state_anomaly_decision ',10032,2,15,'同盾-信贷保镖-设备状态异常规则-决策结果',1,1,'集奥聚合','2018-06-20 18:00:00','返回accept命中,没有返回值没命中可用notNull判断'),
	(10530,'antifraud_equipment_state_anomaly_score',10032,1,15,'同盾-信贷保镖-设备状态异常规则-决策分数',1,1,'集奥聚合','2018-06-20 18:00:00','返回分数,例如80'),
	(10531,'antifraud_final_decision ',10032,2,15,'同盾-信贷保镖-决策结果',1,1,'集奥聚合','2018-06-20 18:00:00','返回accept命中,没有返回值没命中可用notNull判断'),
	(10532,'antifraud_final_score ',10032,1,15,'同盾-信贷保镖-风险分数',1,1,'集奥聚合','2018-06-20 18:00:00','返回分数,例如80'),
	(10533,'antifraud_id_3m_frequency_decision ',10032,2,15,'同盾-信贷保镖-3个月内身份证关联多个申请信息规则-决策结果',1,1,'集奥聚合','2018-06-20 18:00:00','返回accept命中,没有返回值没命中可用notNull判断'),
	(10534,'antifraud_id_3m_frequency_score ',10032,1,15,'同盾-信贷保镖-3个月内身份证关联多个申请信息规则-决策分数',1,1,'集奥聚合','2018-06-20 18:00:00','返回分数,例如81'),
	(10535,'antifraud_id_3m_frequencycards_decision ',10032,2,15,'同盾-信贷保镖-3个月内申请信息关联多个身份证规则-决策结果',1,1,'集奥聚合','2018-06-20 18:00:00','返回accept命中,没有返回值没命中可用notNull判断'),
	(10536,'antifraud_id_3m_frequencycards_score ',10032,1,15,'同盾-信贷保镖-3个月内申请信息关联多个身份证规则-决策分数',1,1,'集奥聚合','2018-06-20 18:00:00','返回分数,例如81'),
	(10537,'antifraud_id_court_cases_decision ',10032,2,15,'同盾-信贷保镖-身份证命中法院结案名单规则-决策结果',1,1,'集奥聚合','2018-06-20 18:00:00','返回accept命中,没有返回值没命中可用notNull判断'),
	(10538,'antifraud_id_court_cases_score ',10032,1,15,'同盾-信贷保镖-身份证命中法院结案名单规则-决策分数',1,1,'集奥聚合','2018-06-20 18:00:00','返回分数,例如82'),
	(10539,'antifraud_id_court_execution_decision ',10032,2,15,'同盾-信贷保镖-身份证命中法院执行名单规则-决策结果',1,1,'集奥聚合','2018-06-20 18:00:00','返回accept命中,没有返回值没命中可用notNull判断'),
	(10540,'antifraud_id_court_execution_score ',10032,1,15,'同盾-信贷保镖-身份证命中法院执行名单规则-决策分数',1,1,'集奥聚合','2018-06-20 18:00:00','返回分数,例如82'),
	(10541,'antifraud_id_discredit_decision ',10032,2,15,'同盾-信贷保镖-身份证命中法院失信名单规则-决策结果',1,1,'集奥聚合','2018-06-20 18:00:00','返回accept命中,没有返回值没命中可用notNull判断'),
	(10542,'antifraud_id_discredit_score ',10032,1,15,'同盾-信贷保镖-身份证命中法院失信名单规则-决策分数',1,1,'集奥聚合','2018-06-20 18:00:00','返回分数,例如83'),
	(10543,'antifraud_id_name_overdue_decision ',10032,2,15,'同盾-信贷保镖-身份证_姓名命中信贷逾期模糊名单规则-决策结果',1,1,'集奥聚合','2018-06-20 18:00:00','返回accept命中,没有返回值没命中可用notNull判断'),
	(10544,'antifraud_id_name_overdue_score ',10032,1,15,'同盾-信贷保镖-身份证_姓名命中信贷逾期模糊名单规则-决策分数',1,1,'集奥聚合','2018-06-20 18:00:00','返回分数,例如83'),
	(10545,'antifraud_id_overdue_decision ',10032,2,15,'同盾-信贷保镖-身份证命中信贷逾期名单规则-决策结果',1,1,'集奥聚合','2018-06-20 18:00:00','返回accept命中,没有返回值没命中可用notNull判断'),
	(10546,'antifraud_id_overdue_score ',10032,1,15,'同盾-信贷保镖-身份证命中信贷逾期名单规则-决策分数',1,1,'集奥聚合','2018-06-20 18:00:00','返回分数,例如84'),
	(10547,'antifraud_id_phone_contact3_decision ',10032,2,15,'同盾-信贷保镖-3个月内申请人手机号作为联系人手机号的次数大于等于2规则-决策结果',1,1,'集奥聚合','2018-06-20 18:00:00','返回accept命中,没有返回值没命中可用notNull判断'),
	(10548,'antifraud_id_phone_contact3_score ',10032,1,15,'同盾-信贷保镖-3个月内申请人手机号作为联系人手机号的次数大于等于2规则-决策分数',1,1,'集奥聚合','2018-06-20 18:00:00','返回分数,例如84'),
	(10549,'antifraud_id_phone_many_decision ',10032,2,15,'同盾-信贷保镖-7天内设备或身份证或手机号申请次数过多规则-决策结果',1,1,'集奥聚合','2018-06-20 18:00:00','返回accept命中,没有返回值没命中可用notNull判断'),
	(10550,'antifraud_id_phone_many_score ',10032,1,15,'同盾-信贷保镖-7天内设备或身份证或手机号申请次数过多规则-决策结果',1,1,'集奥聚合','2018-06-20 18:00:00','返回分数,例如85'),
	(10551,'antifraud_id_risk_attention_decision ',10032,2,15,'同盾-信贷保镖-身份证命中高风险关注名单规则-决策结果',1,1,'集奥聚合','2018-06-20 18:00:00','返回accept命中,没有返回值没命中可用notNull判断'),
	(10552,'antifraud_id_risk_attention_score ',10032,1,15,'同盾-信贷保镖-身份证命中高风险关注名单规则-决策分数',1,1,'集奥聚合','2018-06-20 18:00:00','返回分数,例如85'),
	(10553,'antifraud_id_risk_group_decision',10032,2,15,'同盾-信贷保镖-身份证命中风险群体规则规则-决策结果',1,1,'集奥聚合','2018-06-20 18:00:00','返回accept命中,没有返回值没命中可用notNull判断'),
	(10554,'antifraud_id_risk_group_score ',10032,1,15,'同盾-信贷保镖-身份证命中风险群体规则规则-决策分数',1,1,'集奥聚合','2018-06-20 18:00:00','返回分数,例如86'),
	(10555,'antifraud_id_vehicle_lease_decision ',10032,2,15,'同盾-信贷保镖-身份证命中车辆租赁违约名单规则-决策结果',1,1,'集奥聚合','2018-06-20 18:00:00','返回accept命中,没有返回值没命中可用notNull判断'),
	(10556,'antifraud_id_vehicle_lease_score ',10032,1,15,'同盾-信贷保镖-身份证命中车辆租赁违约名单规则-决策分数',1,1,'集奥聚合','2018-06-20 18:00:00','返回分数,例如86'),
	(10557,'antifraud_multiple_6m_bycard',10032,1,15,'同盾-信贷保镖-6个月内申请人身份证多平台申请规则-借款次数',1,1,'集奥聚合','2018-06-20 18:00:00','返回accept命中,没有返回值没命中可用notNull判断'),
	(10558,'antifraud_multiple_6m_byphone',10032,1,15,'同盾-信贷保镖-6个月内申请人手机多平台申请规则-借款次数',1,1,'集奥聚合','2018-06-20 18:00:00','返回分数,例如87'),
	(10559,'antifraud_multiple_6m_decision ',10032,2,15,'同盾-信贷保镖-6个月内申请人在多平台申请规则-决策结果',1,1,'集奥聚合','2018-06-20 18:00:00','返回accept命中,没有返回值没命中可用notNull判断'),
	(10560,'antifraud_multiple_6m_score ',10032,1,15,'同盾-信贷保镖-6个月内申请人在多平台申请规则-决策分数',1,1,'集奥聚合','2018-06-20 18:00:00','返回分数,例如87'),
	(10561,'antifraud_risk_areas_decision ',10032,2,15,'同盾-信贷保镖-身份证归属地位于高风险较为集中地区规则-决策结果',1,1,'集奥聚合','2018-06-20 18:00:00','返回accept命中,没有返回值没命中可用notNull判断'),
	(10562,'antifraud_risk_areas_score ',10032,1,15,'同盾-信贷保镖-身份证归属地位于高风险较为集中地区规则-决策分数',1,1,'集奥聚合','2018-06-20 18:00:00','返回分数,例如88'),
	(10563,'antifraud_credit_list_decision',10032,2,15,'同盾-信贷保镖-信贷名单规则-决策结果',1,1,'集奥聚合','2018-06-20 18:00:00','返回accept命中,没有返回值没命中可用notNull判断'),
	(10564,'antifraud_credit_list_score',10032,1,15,'同盾-信贷保镖-信贷名单规则-决策分数',1,1,'集奥聚合','2018-06-20 18:00:00','返回分数,例如88');

/*!40000 ALTER TABLE `engine_raw_fields` ENABLE KEYS */;
UNLOCK TABLES;


# Dump of table engine_raw_inter
# ------------------------------------------------------------

DROP TABLE IF EXISTS `engine_raw_inter`;

CREATE TABLE `engine_raw_inter` (
  `id` bigint(20) unsigned NOT NULL AUTO_INCREMENT COMMENT '字段编号',
  `name` varchar(255) DEFAULT NULL COMMENT '接口名称',
  `describ` varchar(255) DEFAULT NULL COMMENT '描述',
  `active` int(1) DEFAULT '0' COMMENT '激活状态（0：禁用，1：激活）',
  `verify` int(11) DEFAULT '0' COMMENT '审核状态（0：未审核， 1：未审核，2：已通过，3：未通过）',
  `add_user` varchar(255) DEFAULT NULL,
  `add_time` datetime DEFAULT NULL,
  `parser_type` varchar(255) DEFAULT '硬编码解析' COMMENT '解析方式',
  `parameters` varchar(255) DEFAULT NULL COMMENT '接口参数',
  `request_type` varchar(50) DEFAULT NULL COMMENT '请求类型',
  `parameters_desc` varchar(50) DEFAULT NULL COMMENT '参数描述',
  PRIMARY KEY (`id`)
) ENGINE=InnoDB DEFAULT CHARSET=utf8;

LOCK TABLES `engine_raw_inter` WRITE;
/*!40000 ALTER TABLE `engine_raw_inter` DISABLE KEYS */;

INSERT INTO `engine_raw_inter` (`id`, `name`, `describ`, `active`, `verify`, `add_user`, `add_time`, `parser_type`, `parameters`, `request_type`, `parameters_desc`)
VALUES
	(10001,'A3','手机号在网时长',1,1,'集奥聚合','2018-01-01 00:00:00','singleField_1','{\"idNumber\":\"身份证号\",\"realName\":\"姓名\",\"cid\":\"手机号\"}','geo','身份证，姓名，手机号'),
	(10002,'A4','手机在网状态',1,1,'集奥聚合','2018-01-01 00:00:00','singleField_1','{\"idNumber\":\"身份证号\",\"realName\":\"姓名\",\"cid\":\"手机号\"}','geo','身份证，姓名，手机号'),
	(10003,'B7','手机号身份证姓名验证',1,1,'集奥聚合','2018-01-01 00:00:00','singleField_1','{\"idNumber\":\"身份证号\",\"realName\":\"姓名\",\"cid\":\"手机号\"}','geo','身份证，姓名，手机号'),
	(10004,'B13','手机号三月内停机次数',1,1,'集奥聚合','2018-01-01 00:00:00','singleField_1','{\"idNumber\":\"身份证号\",\"realName\":\"姓名\",\"cid\":\"手机号\"}','geo','身份证，姓名，手机号'),
	(10005,'A2','手机实名验证',1,1,'集奥聚合','2018-01-01 00:00:00','singleField_1','{\"idNumber\":\"身份证号\",\"realName\":\"姓名\",\"cid\":\"手机号\"}','geo','身份证，姓名，手机号'),
	(10006,'C6','手机终端型号查询',1,1,'集奥聚合','2018-01-01 00:00:00','singleField_2','{\"idNumber\":\"身份证号\",\"realName\":\"姓名\",\"cid\":\"手机号\"}','geo','身份证，姓名，手机号'),
	(10007,'C8','手机身份证号验证',1,1,'集奥聚合','2018-01-01 00:00:00','singleField_1','{\"idNumber\":\"身份证号\",\"realName\":\"姓名\",\"cid\":\"手机号\"}','geo','身份证，姓名，手机号'),
	(10008,'C9','手机号集团客户验证',1,1,'集奥聚合','2018-01-01 00:00:00','singleField_1','{\"idNumber\":\"身份证号\",\"realName\":\"姓名\",\"cid\":\"手机号\"}','geo','身份证，姓名，手机号'),
	(10009,'D1','在网时长详版',1,1,'集奥聚合','2018-01-01 00:00:00','singleField_1','{\"idNumber\":\"身份证号\",\"realName\":\"姓名\",\"cid\":\"手机号\"}','geo','身份证，姓名，手机号'),
	(10010,'D3','手机号消费档次查询详版',1,1,'集奥聚合','2018-01-01 00:00:00','singleField_1','{\"idNumber\":\"身份证号\",\"realName\":\"姓名\",\"cid\":\"手机号\"}','geo','身份证，姓名，手机号'),
	(10011,'B11','常用联系人验证',1,1,'集奥聚合','2018-01-01 00:00:00','singleField_1','{\"idNumber\":\"身份证号\",\"realName\":\"姓名\",\"cid\":\"手机号\",\"cid2\":\"联系人手机号\"}','geo','身份证，姓名，手机号，联系人手机号'),
	(10012,'B18','手机号工作时段地址偏移量查询',1,1,'集奥聚合','2018-01-01 00:00:00','singleField_1','{\"idNumber\":\"身份证号\",\"realName\":\"姓名\",\"cid\":\"手机号\",\"workLongitude\":\"工作地地址（精确到门牌号）\"}','geo','身份证，姓名，手机号，工作地地址（精确到门牌号）'),
	(10013,'B19','手机号休息时段地址偏移量查询',1,1,'集奥聚合','2018-01-01 00:00:00','singleField_1','{\"idNumber\":\"身份证号\",\"realName\":\"姓名\",\"cid\":\"手机号\",\"liveLongitude\":\"居住地地址（精确到门牌号）\"}','geo','身份证，姓名，手机号，居住地地址（精确到门牌号）'),
	(10014,'C1','手机号实时城市核验',1,1,'集奥聚合','2018-01-01 00:00:00','singleField_1','{\"idNumber\":\"身份证号\",\"realName\":\"姓名\",\"cid\":\"手机号\",\"addressCode\":\"城市编码\"}','geo','身份证，姓名，手机号，城市编码'),
	(10015,'C7','手机号联系人通话次数查询',1,1,'集奥聚合','2018-01-01 00:00:00','singleField_1','{\"idNumber\":\"身份证号\",\"realName\":\"姓名\",\"cid\":\"手机号\",\"cid2\":\"联系人手机号\"}','geo','身份证，姓名，手机号，联系人手机号'),
	(10016,'T20103','关注在名单-专业版',1,1,'集奥聚合','2018-01-01 00:00:00','multiField_1','{\"idNumber\":\"身份证号\",\"realName\":\"姓名\",\"cid\":\"手机号\"}','geo','身份证，姓名，手机号'),
	(10017,'Y1','姓名身份证验证',1,1,'集奥聚合','2018-01-01 00:00:00','multiField_1','{\"idNumber\":\"身份证号\",\"realName\":\"姓名\",\"cid\":\"手机号\"}','geo','身份证，姓名，手机号'),
	(10018,'Y4','房产验证',1,1,'集奥聚合','2018-01-01 00:00:00','multiField_1','{\"idNumber\":\"身份证号\",\"realName\":\"姓名\",\"cid\":\"手机号\"}','geo','身份证，姓名，手机号'),
	(10019,'Z4','手机号身份证姓名银行卡验证',1,1,'集奥聚合','2018-01-01 00:00:00','singleField_1','{\"idNumber\":\"身份证号\",\"realName\":\"姓名\",\"cid\":\"手机号\",\"cardNo\":\"银行卡号\"}','geo','身份证，姓名，手机号，银行卡号'),
	(10020,'Z5','身份证姓名银行卡验证',1,1,'集奥聚合','2018-01-01 00:00:00','singleField_1','{\"idNumber\":\"身份证号\",\"realName\":\"姓名\",\"cardNo\":\"银行卡号\"}','geo','身份证，姓名，银行卡号'),
	(10021,'Z7','银行卡钱包位置查询',1,1,'集奥聚合','2018-01-01 00:00:00','multiField_2','{\"idNumber\":\"身份证号\",\"realName\":\"姓名\",\"cid\":\"手机号\",\"cardNo\":\"银行卡号\"}','geo','身份证，姓名，手机号，银行卡号'),
	(10022,'Y3','工作单位验证',1,1,'集奥聚合','2018-01-01 00:00:00','multiField_1','{\"idNumber\":\"身份证号\",\"realName\":\"姓名\",\"cid\":\"手机号\",\"company\":\"单位名称\"}','geo','身份证，姓名，手机号，单位名称'),
	(10023,'T20107','异常IP识别',1,1,'集奥聚合','2018-01-01 00:00:00','multiField_1','{\"idNumber\":\"身份证号\",\"realName\":\"姓名\",\"IP\":\"IP\"}','geo','身份证，姓名，手机号，IP'),
	(10024,'T40301','多平台借贷信息查询',1,1,'集奥聚合','2018-01-01 00:00:00','multiField_3','{\"idNumber\":\"身份证号\",\"realName\":\"姓名\",\"cid\":\"手机号\",\"cycle\":\"统计周期（单位天，可选，默认730天）\"}','geo','身份证，姓名，手机号，统计周期（单位天，可选，默认720天）'),
	(10025,'T40302','号码标签查询',1,1,'集奥聚合','2018-01-01 00:00:00','multiField_3','{\"idNumber\":\"身份证号\",\"realName\":\"姓名\",\"cid\":\"手机号\"}','geo','身份证，姓名，手机号'),
	(10026,'T40303','号码风险标签查询',1,1,'集奥聚合','2018-01-01 00:00:00','multiField_3','{\"idNumber\":\"身份证号\",\"realName\":\"姓名\",\"cid\":\"手机号\"}','geo','身份证，姓名，手机号'),
	(10027,'A5','自然人手机号码个数查询',1,1,'北京集奥聚合','2018-01-01 00:00:00','singleField_1','{\"idNumber\":\"身份证号\",\"realName\":\"姓名\",\"cid\":\"手机号\"}','geo','身份证，姓名，手机号'),
	(10028,'C2','手机号出境查询',1,1,'北京集奥聚合','2018-01-01 00:00:00','singleField_1','{\"idNumber\":\"身份证号\",\"realName\":\"姓名\",\"cid\":\"手机号\"}','geo','身份证，姓名，手机号'),
	(10029,'B21','手机号码月流量档次查询',1,1,'北京集奥聚合','2018-01-01 00:00:00','singleField_1','{\"idNumber\":\"身份证号\",\"realName\":\"姓名\",\"cid\":\"手机号\"}','geo','身份证，姓名，手机号'),
	(10030,'B1','手机号消费档次查询',1,1,'北京集奥聚合','2018-01-01 00:00:00','singleField_1','{\"idNumber\":\"身份证号\",\"realName\":\"姓名\",\"cid\":\"手机号\"}','geo','身份证，姓名，手机号'),
	(10031,'T20105','个人涉诉信息查询',1,1,'北京集奥聚合','2018-01-01 00:00:00','multiField_4','{\"idNumber\":\"身份证号\",\"realName\":\"姓名\",\"cid\":\"手机号\"}','geo','身份证，姓名，手机号'),
	(10032,'TONG_DUN_ANTIFRAUD','同盾信贷保镖',1,1,'北京集奥聚合','2018-06-20 14:07:09','multilfield1_result_tongdun','{\"idNumber\":\"身份证号\",\"realName\":\"姓名\",\"cid\":\"手机号\"}','tongDun','身份证号,姓名,手机号');

/*!40000 ALTER TABLE `engine_raw_inter` ENABLE KEYS */;
UNLOCK TABLES;


# Dump of table sys_menu
# ------------------------------------------------------------

DROP TABLE IF EXISTS `sys_menu`;

CREATE TABLE `sys_menu` (
  `id` bigint(11) unsigned NOT NULL AUTO_INCREMENT COMMENT 'id',
  `menu_id` bigint(20) DEFAULT NULL COMMENT '菜单id',
  `parent_id` bigint(20) DEFAULT NULL COMMENT '父菜单id',
  `parent_name` varchar(20) DEFAULT NULL COMMENT '父菜单名称',
  `name` varchar(20) DEFAULT NULL COMMENT '名称',
  `url` varchar(255) DEFAULT NULL COMMENT '菜单url',
  `perms` varchar(255) DEFAULT NULL COMMENT '授权',
  `type` int(11) DEFAULT '1' COMMENT '类型',
  `open` tinyint(1) DEFAULT NULL COMMENT 'ztree属性',
  `front_icon` varchar(255) DEFAULT NULL COMMENT '前面的图标',
  `back_icon` varchar(255) DEFAULT NULL COMMENT '后面的图标',
  `order_id` int(11) DEFAULT NULL COMMENT '排序',
  PRIMARY KEY (`id`)
) ENGINE=InnoDB DEFAULT CHARSET=utf8;

LOCK TABLES `sys_menu` WRITE;
/*!40000 ALTER TABLE `sys_menu` DISABLE KEYS */;

INSERT INTO `sys_menu` (`id`, `menu_id`, `parent_id`, `parent_name`, `name`, `url`, `perms`, `type`, `open`, `front_icon`, `back_icon`, `order_id`)
VALUES
	(1,1,0,'主页','主页','./index.html',NULL,1,1,'li-home',NULL,1),
	(2,2,148,'规则管理','规则管理','#','rule:list',1,1,'fa fa-qrcode','arrow fa fa-angle-right',4),
	(3,3,2,'规则管理','场景管理','./scene_management.html','rule:scene:list',1,1,NULL,NULL,NULL),
	(4,4,2,'规则管理','字段管理','./fields_market.html','rule:field:list',1,1,NULL,NULL,NULL),
	(5,5,2,'规则集管理','规则集管理','./rule_set.html','rule:ruleset:list',1,1,NULL,NULL,NULL),
	(6,6,0,'规则测试','规则测试','#',NULL,1,0,'fa fa-edit','arrow fa fa-angle-right',5),
	(7,7,6,'规则测试','标签管理','./label_management.html',NULL,1,0,NULL,NULL,NULL),
	(8,8,0,'名单管理','名单管理','#',NULL,1,0,'fa fa-file-text','arrow fa fa-angle-right',6),
	(9,9,8,'名单管理','黑名单管理','./black_list.html','ros:bow:list',1,0,NULL,NULL,NULL),
	(10,10,8,'名单管理','白名单管理','./white_list.html','ros:whe:list',1,0,NULL,NULL,NULL),
	(11,11,148,'审批管理','审批管理','#',NULL,1,1,'fa fa-history','arrow fa fa-angle-right',7),
	(12,12,11,'审批管理','待审批','./approval_pending.html','api:appr:list',1,1,NULL,NULL,NULL),
	(13,13,11,'审批管理','已审批','./approved.html','api:appr:list',1,1,NULL,NULL,NULL),
	(14,14,146,'进件管理','进件管理','#',NULL,1,1,'fa fa-inbox','arrow fa fa-angle-right',8),
	(15,15,14,'进件管理','通过事件','./pass_event.html',NULL,1,1,NULL,NULL,NULL),
	(16,16,14,'进件管理','拒绝事件','./reject_event.html',NULL,1,1,NULL,NULL,NULL),
	(17,17,14,'进件管理','人工审核事件','./human_review.html',NULL,1,1,NULL,NULL,NULL),
	(18,18,0,'事件统计','事件统计','./event_statistics.html','api:customerEvestat:list',0,1,'fa fa-bar-chart-o',NULL,1),
	(19,19,149,'系统管理','系统管理','#',NULL,1,1,'fa fa-cog','arrow fa fa-angle-right	',9),
	(20,20,19,'系统管理','用户管理','./staff_management.html','emp:list',1,1,NULL,NULL,NULL),
	(21,21,87,'客户管理','客户管理','./customer_account.html','sys:user:list',0,1,NULL,NULL,NULL),
	(22,22,19,'系统管理','角色管理','./role_management.html','sys:role:list',1,1,NULL,NULL,NULL),
	(23,23,3,'场景管理','添加场景',NULL,'rule:scene:save',1,1,NULL,NULL,NULL),
	(24,24,3,'场景管理','修改场景',NULL,'rule:scene:update',1,1,NULL,NULL,NULL),
	(25,25,3,'场景管理','删除场景',NULL,'rule:scene:delete',1,1,NULL,NULL,NULL),
	(26,26,72,'字段管理','添加字段',NULL,'rule:field:save',0,1,NULL,NULL,NULL),
	(27,27,72,'字段管理','修改字段',NULL,'rule:field:update',0,1,NULL,NULL,NULL),
	(28,28,72,'字段管理','删除字段',NULL,'rule:field:delete',0,1,NULL,NULL,NULL),
	(29,29,5,'规则集管理','添加规则集',NULL,'rule:ruleset:save',1,1,NULL,NULL,NULL),
	(30,30,5,'规则集管理','修改规则集',NULL,'rule:ruleset:update',1,1,NULL,NULL,NULL),
	(31,31,5,'规则集管理','删除规则集',NULL,'rule:ruleset:delete',1,1,NULL,NULL,NULL),
	(32,32,5,'规则管理','添加规则',NULL,'rule:save',1,1,NULL,NULL,NULL),
	(33,33,5,'规则管理','修改规则',NULL,'rule:update',1,1,NULL,NULL,NULL),
	(34,34,5,'规则管理','删除规则',NULL,'rule:delete',1,1,NULL,NULL,NULL),
	(35,35,5,'规则管理','条件管理',NULL,'rule:condition:list',1,1,NULL,NULL,NULL),
	(36,36,35,'条件管理','添加条件',NULL,'rule:condition:save',1,1,NULL,NULL,NULL),
	(37,37,35,'条件管理','修改条件',NULL,'rule:condition:update',1,1,NULL,NULL,NULL),
	(38,38,35,'条件管理','删除条件',NULL,'rule:condition:delete',1,1,NULL,NULL,NULL),
	(39,39,7,'标签管理','删除标签',NULL,NULL,1,0,NULL,NULL,NULL),
	(40,40,7,'标签管理','导入',NULL,NULL,1,0,NULL,NULL,NULL),
	(41,41,59,'规则测试','删除',NULL,NULL,1,0,NULL,NULL,NULL),
	(42,42,9,'名单库管理','添加',NULL,'ros:bow:save',1,0,NULL,NULL,NULL),
	(43,43,9,'名单库管理','删除',NULL,'ros:bow:delete',1,0,NULL,NULL,NULL),
	(44,44,9,'名单库管理','导入',NULL,'ros:bow:import',1,0,NULL,NULL,NULL),
	(45,45,9,'名单库管理','导出',NULL,'ros:bow:export',1,0,NULL,NULL,NULL),
	(46,46,12,'待审批管理','审批',NULL,'api:appr:accraditation',1,1,NULL,NULL,NULL),
	(47,47,12,'已审批管理','查看',NULL,'api:appr:view',1,1,NULL,NULL,NULL),
	(48,48,15,'进件管理','查看报告',NULL,NULL,1,1,NULL,NULL,NULL),
	(49,49,15,'进件管理','下载报告',NULL,NULL,1,1,NULL,NULL,NULL),
	(50,50,17,'人工审核事件','审批',NULL,NULL,1,1,NULL,NULL,NULL),
	(51,51,20,'用户管理','添加',NULL,'emp:save',1,1,NULL,NULL,NULL),
	(52,52,20,'用户管理','修改',NULL,'emp:update',1,1,NULL,NULL,NULL),
	(53,53,20,'用户管理','启用/禁用',NULL,'emp:update',1,1,NULL,NULL,NULL),
	(54,54,22,'角色管理','添加角色',NULL,'sys:role:save',1,1,NULL,NULL,NULL),
	(55,55,22,'角色管理','修改角色',NULL,'sys:role:update',1,1,NULL,NULL,NULL),
	(56,56,22,'角色管理','启用/禁用',NULL,'sys:role:update',1,1,NULL,NULL,NULL),
	(57,57,22,'角色管理','配置权限',NULL,'sys:role:updatePermission',1,1,NULL,NULL,NULL),
	(59,59,6,'规则测试','规则测试','./rule_test.html',NULL,1,0,NULL,NULL,NULL),
	(60,60,71,'数据管理','接口管理','./interface_management.html','rule:inter:list',0,1,NULL,NULL,NULL),
	(61,61,21,'客户账号管理','添加客户权限',NULL,'sys:user:save',0,1,NULL,NULL,NULL),
	(62,62,21,'客户账号管理','删除客户权限',NULL,'sys:user:delete',0,1,NULL,NULL,NULL),
	(63,63,21,'客户账号管理','修改客户权限',NULL,'sys:user:update',0,1,NULL,NULL,NULL),
	(64,64,60,'接口管理','添加接口权限',NULL,'rule:inter:save',0,1,NULL,NULL,NULL),
	(65,65,60,'接口管理','修改接口权限',NULL,'rule:inter:update',0,1,NULL,NULL,NULL),
	(66,66,0,'系统管理','系统管理','#',NULL,0,1,'fa fa-cog','arrow fa fa-angle-right',4),
	(67,67,66,'系统管理','用户管理','./staff_management.html','emp:list',0,1,NULL,NULL,NULL),
	(68,68,66,'系统管理','角色管理','./role_management.html','sys:role:list',0,1,NULL,NULL,NULL),
	(71,71,0,'数据管理','数据管理','#','rule:list',0,1,'fa fa-qrcode','arrow fa fa-angle-right',3),
	(72,72,71,'数据管理','字段管理','./fields_market.html','rule:field:list',0,1,NULL,NULL,NULL),
	(73,73,67,'用户管理','添加用户',NULL,'emp:save',0,1,NULL,NULL,NULL),
	(74,74,67,'用户管理','修改用户',NULL,'emp:update',0,1,NULL,NULL,NULL),
	(75,75,68,'权限管理','添加角色',NULL,'sys:role:save',0,1,NULL,NULL,NULL),
	(76,76,68,'权限管理','添加角色',NULL,'sys:role:update',0,1,NULL,NULL,NULL),
	(77,77,68,'权限管理','启用/禁用',NULL,'sys:role:update',0,1,NULL,NULL,NULL),
	(78,78,68,'权限管理','配置权限',NULL,'sys:role:updatePermission',0,1,NULL,NULL,NULL),
	(79,79,10,'白名单管理','添加',NULL,'ros:bow:save',1,0,NULL,NULL,NULL),
	(80,80,10,'白名单管理','删除',NULL,'ros:bow:delete',1,0,NULL,NULL,NULL),
	(81,81,10,'白名单管理','导入',NULL,'ros:bow:import',1,0,NULL,NULL,NULL),
	(82,82,10,'白名单管理','导出',NULL,'ros:bow:export',1,0,NULL,NULL,NULL),
	(83,83,2,'规则管理','规则模版','./rule_set_template.html','rule:template:list',1,1,NULL,NULL,NULL),
	(84,84,71,'数据管理','规则集管理','./rules_management.html','rule:ruleset:list',0,1,NULL,NULL,NULL),
	(85,85,71,'数据管理','模板管理','./template_management.html','rule:template:list',0,1,NULL,NULL,NULL),
	(86,86,146,'进件统计','进件统计','./event_statistics.html','event:stat:save,event:stat:list',1,1,'fa fa-bar-chart-o',NULL,3),
	(87,87,0,'客户管理','客户管理','#',NULL,0,1,'fa fa-user','arrow fa fa-angle-right',2),
	(89,89,87,'客户管理','客户统计','./customer_statistics.html',NULL,0,1,NULL,NULL,NULL),
	(91,91,71,'数据管理','目录管理','./menu_management.html','operate:menu:list',0,1,NULL,NULL,NULL),
	(93,93,84,'规则集管理','添加规则集',NULL,'rule:ruleset:save',0,1,NULL,NULL,NULL),
	(94,94,84,'规则集管理','修改规则集',NULL,'rule:ruleset:update',0,1,NULL,NULL,NULL),
	(95,95,84,'规则集管理','删除规则集',NULL,'rule:ruleset:delete',0,1,NULL,NULL,NULL),
	(96,96,84,'规则集管理','添加规则',NULL,'rule:save',0,1,NULL,NULL,NULL),
	(97,97,84,'规则集管理','修改规则',NULL,'rule:update',0,1,NULL,NULL,NULL),
	(98,98,84,'规则集管理','删除规则',NULL,'rule:delete',0,1,NULL,NULL,NULL),
	(99,99,84,'规则集管理','条件管理',NULL,'rule:condition:list',0,1,NULL,NULL,NULL),
	(100,100,84,'条件管理','添加条件',NULL,'rule:condition:save',0,1,NULL,NULL,NULL),
	(101,101,84,'条件管理','修改条件',NULL,'rule:condition:update',0,1,NULL,NULL,NULL),
	(102,102,84,'条件管理','删除条件',NULL,'rule:condition:delete',0,1,NULL,NULL,NULL),
	(105,105,84,'规则集管理','删除规则集',NULL,'rule:ruleset:delete',0,1,NULL,NULL,NULL),
	(106,106,84,'规则集管理','添加规则',NULL,'rule:save',0,1,NULL,NULL,NULL),
	(107,107,84,'规则集管理','修改规则',NULL,'rule:update',0,1,NULL,NULL,NULL),
	(108,108,84,'规则集管理','删除规则',NULL,'rule:delete',0,1,NULL,NULL,NULL),
	(109,109,84,'规则集管理','条件管理',NULL,'rule:condition:list',0,1,NULL,NULL,NULL),
	(110,110,109,'条件管理','添加条件',NULL,'rule:condition:save',0,1,NULL,NULL,NULL),
	(111,111,109,'条件管理','修改条件',NULL,'rule:condition:update',0,1,NULL,NULL,NULL),
	(112,112,109,'条件管理','删除条件',NULL,'rule:condition:delete',0,1,NULL,NULL,NULL),
	(140,140,91,'目录管理','添加',NULL,'operate:menu:save',0,1,NULL,NULL,NULL),
	(141,141,91,'目录管理','查询',NULL,'operate:menu:list',0,1,NULL,NULL,NULL),
	(142,142,91,'目录管理','修改',NULL,'operate:menu:update',0,1,NULL,NULL,NULL),
	(143,143,91,'目录管理','删除',NULL,'operate:menu:delete',0,1,NULL,NULL,NULL),
	(144,144,146,'风险识别','在线识别','./event_online.html',NULL,1,1,'fa fa-wpexplorer',NULL,2),
	(145,145,1,'主页','主页','./index.html','index:list',1,1,'fa fa-home',NULL,1),
	(146,146,0,'风险识别','风险识别','./event_online.html',NULL,1,1,'li-recognize',NULL,2),
	(147,147,0,'决策引擎','决策引擎','sbshiqiang',NULL,1,0,'li-flow',NULL,2),
	(148,148,0,'规则引擎','规则引擎','./rule_set.html','rule:ruleset:list',1,1,'li-models',NULL,4),
	(149,149,0,'系统管理','系统管理','./staff_management.html','emp:list',1,1,'li-settings',NULL,5),
	(150,150,146,'风险识别','个人识别','./event_online_single.html','',1,1,'fa fa-crosshairs','',NULL);

/*!40000 ALTER TABLE `sys_menu` ENABLE KEYS */;
UNLOCK TABLES;


# Dump of table sys_role_menu
# ------------------------------------------------------------

DROP TABLE IF EXISTS `sys_role_menu`;

CREATE TABLE `sys_role_menu` (
  `id` bigint(11) unsigned NOT NULL AUTO_INCREMENT,
  `role_id` bigint(20) DEFAULT NULL,
  `menu_id` bigint(20) DEFAULT NULL,
  `user_id` bigint(20) DEFAULT NULL,
  PRIMARY KEY (`id`)
) ENGINE=InnoDB DEFAULT CHARSET=utf8;

LOCK TABLES `sys_role_menu` WRITE;
/*!40000 ALTER TABLE `sys_role_menu` DISABLE KEYS */;

INSERT INTO `sys_role_menu` (`id`, `role_id`, `menu_id`, `user_id`)
VALUES
	(130,2,1,0),
	(131,2,145,0),
	(132,2,146,0),
	(133,2,14,0),
	(134,2,15,0),
	(135,2,48,0),
	(136,2,49,0),
	(137,2,16,0),
	(138,2,17,0),
	(139,2,50,0),
	(140,2,86,0),
	(141,2,144,0),
	(142,2,150,0),
	(143,2,148,0),
	(144,2,2,0),
	(145,2,3,0),
	(146,2,23,0),
	(147,2,24,0),
	(148,2,25,0),
	(149,2,4,0),
	(150,2,5,0),
	(151,2,29,0),
	(152,2,30,0),
	(153,2,31,0),
	(154,2,32,0),
	(155,2,33,0),
	(156,2,34,0),
	(157,2,35,0),
	(158,2,36,0),
	(159,2,37,0),
	(160,2,38,0),
	(161,2,83,0),
	(162,2,11,0),
	(163,2,12,0),
	(164,2,46,0),
	(165,2,47,0),
	(166,2,13,0),
	(167,2,149,0),
	(168,2,19,0),
	(169,2,20,0),
	(170,2,51,0),
	(171,2,52,0),
	(172,2,53,0),
	(173,2,22,0),
	(174,2,54,0),
	(175,2,55,0),
	(176,2,56,0),
	(177,2,57,0),
	(178,3,1,0),
	(179,3,145,0),
	(180,3,146,0),
	(181,3,14,0),
	(182,3,15,0),
	(183,3,48,0),
	(184,3,49,0),
	(185,3,16,0),
	(186,3,17,0),
	(187,3,50,0),
	(188,3,86,0),
	(189,3,144,0),
	(190,3,150,0),
	(191,3,148,0),
	(192,3,2,0),
	(193,3,3,0),
	(194,3,23,0),
	(195,3,24,0),
	(196,3,25,0),
	(197,3,4,0),
	(198,3,5,0),
	(199,3,29,0),
	(200,3,30,0),
	(201,3,31,0),
	(202,3,32,0),
	(203,3,33,0),
	(204,3,34,0),
	(205,3,35,0),
	(206,3,36,0),
	(207,3,37,0),
	(208,3,38,0),
	(209,3,83,0),
	(210,3,11,0),
	(211,3,12,0),
	(212,3,46,0),
	(213,3,47,0),
	(214,3,13,0),
	(215,3,149,0),
	(216,3,19,0),
	(217,3,20,0),
	(218,3,51,0),
	(219,3,52,0),
	(220,3,53,0),
	(221,3,22,0),
	(222,3,54,0),
	(223,3,55,0),
	(224,3,56,0),
	(225,3,57,0),
	(226,4,1,0),
	(227,4,145,0),
	(228,4,146,0),
	(229,4,14,0),
	(230,4,15,0),
	(231,4,48,0),
	(232,4,49,0),
	(233,4,16,0),
	(234,4,17,0),
	(235,4,50,0),
	(236,4,86,0),
	(237,4,144,0),
	(238,4,150,0),
	(239,4,148,0),
	(240,4,2,0),
	(241,4,3,0),
	(242,4,23,0),
	(243,4,24,0),
	(244,4,25,0),
	(245,4,4,0),
	(246,4,5,0),
	(247,4,29,0),
	(248,4,30,0),
	(249,4,31,0),
	(250,4,32,0),
	(251,4,33,0),
	(252,4,34,0),
	(253,4,35,0),
	(254,4,36,0),
	(255,4,37,0),
	(256,4,38,0),
	(257,4,83,0),
	(258,4,149,0);

/*!40000 ALTER TABLE `sys_role_menu` ENABLE KEYS */;
UNLOCK TABLES;

# Dump of table templates
# ------------------------------------------------------------

DROP TABLE IF EXISTS `templates`;

CREATE TABLE `templates` (
  `id` int(11) unsigned NOT NULL AUTO_INCREMENT,
  `ruleset_json` longtext COMMENT '规则集json串',
  `export_num` int(11) DEFAULT '0' COMMENT '导出量',
  `user_num` int(11) DEFAULT '0' COMMENT '使用量',
  `add_user` varchar(255) DEFAULT NULL COMMENT '添加人',
  `add_time` datetime DEFAULT NULL COMMENT '添加时间',
  `describ` varchar(255) DEFAULT NULL COMMENT '描述',
  `type` int(11) DEFAULT NULL COMMENT '分类',
  `version` varchar(20) DEFAULT NULL COMMENT '版本号',
  `name` varchar(255) DEFAULT NULL COMMENT '名称',
  PRIMARY KEY (`id`)
) ENGINE=InnoDB DEFAULT CHARSET=utf8;

LOCK TABLES `templates` WRITE;
/*!40000 ALTER TABLE `templates` DISABLE KEYS */;

INSERT INTO `templates` (`id`, `ruleset_json`, `export_num`, `user_num`, `add_user`, `add_time`, `describ`, `type`, `version`, `name`)
VALUES
	(10001,'{\"id\":1,\"name\":\"测试规则引擎模版\",\"businessId\":10001,\"senceId\":10001,\"matchType\":0,\"threshold\":null,\"thresholdMin\":100,\"thresholdMax\":300,\"describ\":\"测试规则引擎模版\",\"verify\":0,\"active\":0,\"addUser\":\"北京集奥聚合\",\"addTime\":1521881148000,\"pageSize\":null,\"pageNo\":null,\"uniqueCode\":1,\"parameters\":{\"realName\":\"\",\"idNumber\":\"\",\"cid\":\"\"},\"ruleList\":[{\"id\":10250,\"name\":\"测试规则1\",\"rulesId\":10067,\"decision\":\"测试规则1\",\"threshold\":100,\"level\":1,\"conditionNumber\":2,\"describ\":null,\"active\":1,\"verify\":0,\"addUser\":\"北京集奥聚合\",\"addTime\":1521881176000,\"conditionRelationship\":\"165&&164\",\"uniqueCode\":1,\"pageSize\":null,\"pageNo\":null,\"rulesName\":null,\"ruleCode\":\"测试规则1\",\"conditionsList\":[{\"id\":164,\"name\":\"测试条件1\",\"ruleId\":10250,\"rulesId\":10067,\"fieldRelationship\":\"10226&&10227\",\"describ\":\"测试条件1\",\"active\":1,\"verify\":1,\"addUser\":\"北京集奥聚合\",\"addTime\":1521881214000,\"uniqueCode\":1,\"pageSize\":null,\"pageNo\":null,\"ruleName\":null,\"rulesName\":null,\"fieldList\":[{\"id\":10226,\"showName\":null,\"fieldId\":10001,\"fieldName\":\"province\",\"rulesId\":10067,\"conditionId\":164,\"operator\":\"==\",\"describ\":\"测试字段1\",\"active\":1,\"verify\":1,\"addUser\":\"北京集奥聚合\",\"addTime\":1521881252000,\"value\":null,\"valueDesc\":null,\"uniqueCode\":1,\"fieldType\":\"string\",\"parameter\":\"山东\",\"fieldTypeId\":2,\"pageSize\":null,\"pageNo\":null,\"fieldRawName\":null},{\"id\":10227,\"showName\":null,\"fieldId\":10002,\"fieldName\":\"city\",\"rulesId\":10067,\"conditionId\":164,\"operator\":\"==\",\"describ\":\"测试字段2\",\"active\":1,\"verify\":1,\"addUser\":\"北京集奥聚合\",\"addTime\":1521881252000,\"value\":null,\"valueDesc\":null,\"uniqueCode\":1,\"fieldType\":\"string\",\"parameter\":\"济南\",\"fieldTypeId\":2,\"pageSize\":null,\"pageNo\":null,\"fieldRawName\":null}]},{\"id\":165,\"name\":\"测试条件2\",\"ruleId\":10250,\"rulesId\":10067,\"fieldRelationship\":\"10228&&10229\",\"describ\":\"测试条件2\",\"active\":1,\"verify\":1,\"addUser\":\"北京集奥聚合\",\"addTime\":1521881268000,\"uniqueCode\":1,\"pageSize\":null,\"pageNo\":null,\"ruleName\":null,\"rulesName\":null,\"fieldList\":[{\"id\":10228,\"showName\":null,\"fieldId\":10001,\"fieldName\":\"province\",\"rulesId\":10067,\"conditionId\":165,\"operator\":\"==\",\"describ\":\"测试字段3\",\"active\":1,\"verify\":1,\"addUser\":\"北京集奥聚合\",\"addTime\":1521881326000,\"value\":null,\"valueDesc\":null,\"uniqueCode\":1,\"fieldType\":\"string\",\"parameter\":\"山东\",\"fieldTypeId\":2,\"pageSize\":null,\"pageNo\":null,\"fieldRawName\":null},{\"id\":10229,\"showName\":null,\"fieldId\":10002,\"fieldName\":\"city\",\"rulesId\":10067,\"conditionId\":165,\"operator\":\"==\",\"describ\":\"测试字段4\",\"active\":1,\"verify\":1,\"addUser\":\"北京集奥聚合\",\"addTime\":1521881326000,\"value\":null,\"valueDesc\":null,\"uniqueCode\":1,\"fieldType\":\"string\",\"parameter\":\"济南\",\"fieldTypeId\":2,\"pageSize\":null,\"pageNo\":null,\"fieldRawName\":null}]}]},{\"id\":10251,\"name\":\"测试规则2\",\"rulesId\":10067,\"decision\":\"测试规则2\",\"threshold\":200,\"level\":1,\"conditionNumber\":1,\"describ\":null,\"active\":1,\"verify\":0,\"addUser\":\"北京集奥聚合\",\"addTime\":1521881198000,\"conditionRelationship\":\"166\",\"uniqueCode\":1,\"pageSize\":null,\"pageNo\":null,\"rulesName\":null,\"ruleCode\":\"测试规则2\",\"conditionsList\":[{\"id\":166,\"name\":\"测试条件3\",\"ruleId\":10251,\"rulesId\":10067,\"fieldRelationship\":\"10230&&10231\",\"describ\":\"测试条件4\",\"active\":1,\"verify\":1,\"addUser\":\"北京集奥聚合\",\"addTime\":1521881385000,\"uniqueCode\":1,\"pageSize\":null,\"pageNo\":null,\"ruleName\":null,\"rulesName\":null,\"fieldList\":[{\"id\":10230,\"showName\":null,\"fieldId\":10001,\"fieldName\":\"province\",\"rulesId\":10067,\"conditionId\":166,\"operator\":\"==\",\"describ\":\"测试字段5\",\"active\":1,\"verify\":1,\"addUser\":\"北京集奥聚合\",\"addTime\":1521881423000,\"value\":null,\"valueDesc\":null,\"uniqueCode\":1,\"fieldType\":\"string\",\"parameter\":\"山东\",\"fieldTypeId\":2,\"pageSize\":null,\"pageNo\":null,\"fieldRawName\":null},{\"id\":10231,\"showName\":null,\"fieldId\":10002,\"fieldName\":\"city\",\"rulesId\":10067,\"conditionId\":166,\"operator\":\"==\",\"describ\":\"测试字段6\",\"active\":1,\"verify\":1,\"addUser\":\"北京集奥聚合\",\"addTime\":1521881423000,\"value\":null,\"valueDesc\":null,\"uniqueCode\":1,\"fieldType\":\"string\",\"parameter\":\"济南\",\"fieldTypeId\":2,\"pageSize\":null,\"pageNo\":null,\"fieldRawName\":null}]}]}],\"typeName\":null,\"sceneName\":null,\"whiteFilter\":null,\"blackFilter\":null,\"eventStatEntry\":null}',9,0,'北京集奥聚合','2018-05-30 14:23:48','测试规则引擎模版',NULL,'v1.1.1','测试规则引擎模版'),
	(10002,'{\"id\":2,\"name\":\"涉诉信息验证\",\"businessId\":10001,\"senceId\":10009,\"matchType\":1,\"threshold\":null,\"thresholdMin\":50,\"thresholdMax\":150,\"describ\":\"\",\"verify\":0,\"active\":0,\"addUser\":\"北京集奥集合\",\"addTime\":1527651369000,\"pageSize\":null,\"pageNo\":null,\"uniqueCode\":1,\"parameters\":{\"realName\":\"姓名\",\"idNumber\":\"身份证号\",\"cid\":\"手机号\"},\"ruleList\":[{\"id\":10513,\"name\":\"接审时间距今1年以内且被查询人为被上诉人且匹配度大于0.6\",\"rulesId\":4,\"decision\":\"\",\"threshold\":50,\"level\":2,\"conditionNumber\":1,\"describ\":null,\"active\":1,\"verify\":0,\"addUser\":\"北京集奥集合\",\"addTime\":1527651369000,\"conditionRelationship\":\"659\",\"uniqueCode\":1,\"pageSize\":null,\"pageNo\":null,\"rulesName\":null,\"ruleCode\":\"10001\",\"conditionsList\":[{\"id\":659,\"name\":\"接审时间距今1年以内且被查询人为被上诉人且匹配度大于0.6\",\"ruleId\":10513,\"rulesId\":4,\"fieldRelationship\":\"10928\",\"describ\":\"判断涉诉人近1年内涉诉的情况\",\"active\":1,\"verify\":1,\"addUser\":\"北京集奥集合\",\"addTime\":1527661369000,\"uniqueCode\":1,\"pageSize\":null,\"pageNo\":null,\"ruleName\":null,\"rulesName\":null,\"fieldList\":[{\"id\":10928,\"showName\":null,\"fieldId\":10470,\"fieldName\":\"cpws_matchRatio\",\"rulesId\":4,\"conditionId\":659,\"operator\":\">\",\"describ\":\"匹配度判断\",\"active\":1,\"verify\":1,\"addUser\":\"北京集奥集合\",\"addTime\":1527661371000,\"value\":null,\"valueDesc\":null,\"uniqueCode\":1,\"fieldType\":\"int\",\"parameter\":\"0.6\",\"fieldTypeId\":1,\"pageSize\":null,\"pageNo\":null,\"fieldRawName\":null}]}]},{\"id\":10514,\"name\":\"执行公告时间距今1年以内且执行情况定为执行中且匹配度大于0.6\",\"rulesId\":4,\"decision\":\"\",\"threshold\":100,\"level\":3,\"conditionNumber\":1,\"describ\":null,\"active\":1,\"verify\":0,\"addUser\":\"北京集奥集合\",\"addTime\":1527651369000,\"conditionRelationship\":\"660\",\"uniqueCode\":1,\"pageSize\":null,\"pageNo\":null,\"rulesName\":null,\"ruleCode\":\"10002\",\"conditionsList\":[{\"id\":660,\"name\":\"执行公告时间距今1年以内且执行情况定为执行中且匹配度大于0.6\",\"ruleId\":10514,\"rulesId\":4,\"fieldRelationship\":\"(10930||10931)&&10932\",\"describ\":\"执行公告时间判断\",\"active\":1,\"verify\":1,\"addUser\":\"北京集奥集合\",\"addTime\":1527658646000,\"uniqueCode\":1,\"pageSize\":null,\"pageNo\":null,\"ruleName\":null,\"rulesName\":null,\"fieldList\":[{\"id\":10930,\"showName\":null,\"fieldId\":10488,\"fieldName\":\"zxgg_caseState\",\"rulesId\":4,\"conditionId\":660,\"operator\":\"==\",\"describ\":\"执行案件状态判断\",\"active\":1,\"verify\":1,\"addUser\":\"北京集奥集合\",\"addTime\":1527658653000,\"value\":null,\"valueDesc\":null,\"uniqueCode\":1,\"fieldType\":\"string\",\"parameter\":\"0\",\"fieldTypeId\":2,\"pageSize\":null,\"pageNo\":null,\"fieldRawName\":null},{\"id\":10931,\"showName\":null,\"fieldId\":10488,\"fieldName\":\"zxgg_caseState\",\"rulesId\":4,\"conditionId\":660,\"operator\":\"==\",\"describ\":\"执行案件状态判断\",\"active\":1,\"verify\":1,\"addUser\":\"北京集奥集合\",\"addTime\":1527658653000,\"value\":null,\"valueDesc\":null,\"uniqueCode\":1,\"fieldType\":\"string\",\"parameter\":\"执行中\",\"fieldTypeId\":2,\"pageSize\":null,\"pageNo\":null,\"fieldRawName\":null},{\"id\":10932,\"showName\":null,\"fieldId\":10485,\"fieldName\":\"zxgg_matchRatio\",\"rulesId\":4,\"conditionId\":660,\"operator\":\"==\",\"describ\":\"匹配度判断\",\"active\":1,\"verify\":1,\"addUser\":\"北京集奥集合\",\"addTime\":1527658653000,\"value\":null,\"valueDesc\":null,\"uniqueCode\":1,\"fieldType\":\"string\",\"parameter\":\"0.6\",\"fieldTypeId\":2,\"pageSize\":null,\"pageNo\":null,\"fieldRawName\":null}]}]},{\"id\":10515,\"name\":\"执行标的大于10000元\",\"rulesId\":4,\"decision\":\"\",\"threshold\":50,\"level\":2,\"conditionNumber\":1,\"describ\":null,\"active\":1,\"verify\":0,\"addUser\":\"北京集奥集合\",\"addTime\":1527651369000,\"conditionRelationship\":\"661\",\"uniqueCode\":1,\"pageSize\":null,\"pageNo\":null,\"rulesName\":null,\"ruleCode\":\"10003\",\"conditionsList\":[{\"id\":661,\"name\":\"执行标的大于10000元\",\"ruleId\":10515,\"rulesId\":4,\"fieldRelationship\":\"10933\",\"describ\":\"执行标的判断\",\"active\":1,\"verify\":1,\"addUser\":\"北京集奥集合\",\"addTime\":1527651370000,\"uniqueCode\":1,\"pageSize\":null,\"pageNo\":null,\"ruleName\":null,\"rulesName\":null,\"fieldList\":[{\"id\":10933,\"showName\":null,\"fieldId\":10489,\"fieldName\":\"zxgg_execMoney\",\"rulesId\":4,\"conditionId\":661,\"operator\":\">\",\"describ\":\"执行标的判断\",\"active\":1,\"verify\":1,\"addUser\":\"北京集奥集合\",\"addTime\":1527651370000,\"value\":null,\"valueDesc\":null,\"uniqueCode\":1,\"fieldType\":\"int\",\"parameter\":\"10000\",\"fieldTypeId\":1,\"pageSize\":null,\"pageNo\":null,\"fieldRawName\":null}]}]},{\"id\":10516,\"name\":\"失信公告匹配度大于0.7\",\"rulesId\":4,\"decision\":\"\",\"threshold\":100,\"level\":3,\"conditionNumber\":1,\"describ\":null,\"active\":1,\"verify\":0,\"addUser\":\"北京集奥集合\",\"addTime\":1527651370000,\"conditionRelationship\":\"662\",\"uniqueCode\":1,\"pageSize\":null,\"pageNo\":null,\"rulesName\":null,\"ruleCode\":\"10004\",\"conditionsList\":[{\"id\":662,\"name\":\"失信公告匹配度大于0.7\",\"ruleId\":10516,\"rulesId\":4,\"fieldRelationship\":\"10934\",\"describ\":\"失信公告匹配度判断\",\"active\":1,\"verify\":1,\"addUser\":\"北京集奥集合\",\"addTime\":1527651370000,\"uniqueCode\":1,\"pageSize\":null,\"pageNo\":null,\"ruleName\":null,\"rulesName\":null,\"fieldList\":[{\"id\":10934,\"showName\":null,\"fieldId\":10505,\"fieldName\":\"shixin_matchRatio\",\"rulesId\":4,\"conditionId\":662,\"operator\":\">\",\"describ\":\"失信公告匹配度判断\",\"active\":1,\"verify\":1,\"addUser\":\"北京集奥集合\",\"addTime\":1527651370000,\"value\":null,\"valueDesc\":null,\"uniqueCode\":1,\"fieldType\":\"int\",\"parameter\":\"0.7\",\"fieldTypeId\":1,\"pageSize\":null,\"pageNo\":null,\"fieldRawName\":null}]}]},{\"id\":10517,\"name\":\"曝光台匹配度大于0.7\",\"rulesId\":4,\"decision\":\"\",\"threshold\":100,\"level\":3,\"conditionNumber\":1,\"describ\":null,\"active\":1,\"verify\":0,\"addUser\":\"北京集奥集合\",\"addTime\":1527651370000,\"conditionRelationship\":\"663\",\"uniqueCode\":1,\"pageSize\":null,\"pageNo\":null,\"rulesName\":null,\"ruleCode\":\"10005\",\"conditionsList\":[{\"id\":663,\"name\":\"曝光台匹配度大于0.7\",\"ruleId\":10517,\"rulesId\":4,\"fieldRelationship\":\"10935\",\"describ\":\"曝光台匹配度判断\",\"active\":1,\"verify\":1,\"addUser\":\"北京集奥集合\",\"addTime\":1527651370000,\"uniqueCode\":1,\"pageSize\":null,\"pageNo\":null,\"ruleName\":null,\"rulesName\":null,\"fieldList\":[{\"id\":10935,\"showName\":null,\"fieldId\":10524,\"fieldName\":\"bgt_matchRatio\",\"rulesId\":4,\"conditionId\":663,\"operator\":\">\",\"describ\":\"曝光台匹配度判断\",\"active\":1,\"verify\":1,\"addUser\":\"北京集奥集合\",\"addTime\":1527651370000,\"value\":null,\"valueDesc\":null,\"uniqueCode\":1,\"fieldType\":\"int\",\"parameter\":\"0.7\",\"fieldTypeId\":1,\"pageSize\":null,\"pageNo\":null,\"fieldRawName\":null}]}]},{\"id\":10518,\"name\":\"曝光台未执行金额大于5000元\",\"rulesId\":4,\"decision\":\"\",\"threshold\":100,\"level\":3,\"conditionNumber\":1,\"describ\":null,\"active\":1,\"verify\":0,\"addUser\":\"北京集奥集合\",\"addTime\":1527651370000,\"conditionRelationship\":\"664\",\"uniqueCode\":1,\"pageSize\":null,\"pageNo\":null,\"rulesName\":null,\"ruleCode\":\"10006\",\"conditionsList\":[{\"id\":664,\"name\":\"曝光台未执行金额大于5000元\",\"ruleId\":10518,\"rulesId\":4,\"fieldRelationship\":\"10936\",\"describ\":\"曝光台未执行金额判断\",\"active\":1,\"verify\":1,\"addUser\":\"北京集奥集合\",\"addTime\":1527651370000,\"uniqueCode\":1,\"pageSize\":null,\"pageNo\":null,\"ruleName\":null,\"rulesName\":null,\"fieldList\":[{\"id\":10936,\"showName\":null,\"fieldId\":10522,\"fieldName\":\"bgt_unnexeMoney\",\"rulesId\":4,\"conditionId\":664,\"operator\":\">\",\"describ\":\"曝光台未执行金额判断\",\"active\":1,\"verify\":1,\"addUser\":\"北京集奥集合\",\"addTime\":1527651370000,\"value\":null,\"valueDesc\":null,\"uniqueCode\":1,\"fieldType\":\"int\",\"parameter\":\"5000\",\"fieldTypeId\":1,\"pageSize\":null,\"pageNo\":null,\"fieldRawName\":null}]}]}],\"typeName\":null,\"sceneName\":null,\"whiteFilter\":null,\"blackFilter\":null,\"eventStatEntry\":null}',2,0,'北京集奥聚合','2018-05-30 14:23:48','涉诉信息验证第二版',NULL,'v1.1.1','涉诉信息验证'),
	(10004,'{\"id\":4,\"name\":\"信用评估-逾期、欺诈、失信甄别\",\"businessId\":10001,\"senceId\":10009,\"matchType\":0,\"threshold\":null,\"thresholdMin\":50,\"thresholdMax\":100,\"describ\":\"\",\"verify\":0,\"active\":0,\"addUser\":\"北京集奥集合\",\"addTime\":1527651339000,\"pageSize\":null,\"pageNo\":null,\"uniqueCode\":1,\"parameters\":{\"realName\":\"姓名\",\"idNumber\":\"身份证号\",\"cid\":\"手机号\"},\"ruleList\":[{\"id\":10477,\"name\":\"逾期最近出现时间距查询日期小于三个月\",\"rulesId\":2,\"decision\":\"\",\"threshold\":50,\"level\":2,\"conditionNumber\":1,\"describ\":null,\"active\":1,\"verify\":0,\"addUser\":\"北京集奥集合\",\"addTime\":1527651339000,\"conditionRelationship\":\"623\",\"uniqueCode\":1,\"pageSize\":null,\"pageNo\":null,\"rulesName\":null,\"ruleCode\":\"10001\",\"conditionsList\":[{\"id\":623,\"name\":\"逾期最近出现时间距查询日期小于三个月\",\"ruleId\":10477,\"rulesId\":2,\"fieldRelationship\":\"10879\",\"describ\":\"进件逾期最近出现时间判断\",\"active\":1,\"verify\":1,\"addUser\":\"北京集奥集合\",\"addTime\":1527651339000,\"uniqueCode\":1,\"pageSize\":null,\"pageNo\":null,\"ruleName\":null,\"rulesName\":null,\"fieldList\":[{\"id\":10879,\"showName\":null,\"fieldId\":10027,\"fieldName\":\"result_YQ_ZJSJ\",\"rulesId\":2,\"conditionId\":623,\"operator\":\">\",\"describ\":\"进件逾期最近出现时间\",\"active\":1,\"verify\":1,\"addUser\":\"北京集奥集合\",\"addTime\":1527651340000,\"value\":null,\"valueDesc\":null,\"uniqueCode\":1,\"fieldType\":\"date\",\"parameter\":\"2018-01-24 04:19\",\"fieldTypeId\":4,\"pageSize\":null,\"pageNo\":null,\"fieldRawName\":null}]}]},{\"id\":10478,\"name\":\"逾期最近出现时间距查询日期大于等于三个月，小于一年\",\"rulesId\":2,\"decision\":\"\",\"threshold\":30,\"level\":1,\"conditionNumber\":1,\"describ\":null,\"active\":1,\"verify\":0,\"addUser\":\"北京集奥集合\",\"addTime\":1527651340000,\"conditionRelationship\":\"624\",\"uniqueCode\":1,\"pageSize\":null,\"pageNo\":null,\"rulesName\":null,\"ruleCode\":\"10002\",\"conditionsList\":[{\"id\":624,\"name\":\"逾期最近出现时间距查询日期大于等于三个月，小于一年\",\"ruleId\":10478,\"rulesId\":2,\"fieldRelationship\":\"10880&&10881\",\"describ\":\"进件逾期最近出现时间判断\",\"active\":1,\"verify\":1,\"addUser\":\"北京集奥集合\",\"addTime\":1527661574000,\"uniqueCode\":1,\"pageSize\":null,\"pageNo\":null,\"ruleName\":null,\"rulesName\":null,\"fieldList\":[{\"id\":10880,\"showName\":null,\"fieldId\":10027,\"fieldName\":\"result_YQ_ZJSJ\",\"rulesId\":2,\"conditionId\":624,\"operator\":\"<=\",\"describ\":\"进件逾期最近出现时间\",\"active\":1,\"verify\":1,\"addUser\":\"北京集奥集合\",\"addTime\":1527661576000,\"value\":null,\"valueDesc\":null,\"uniqueCode\":1,\"fieldType\":\"date\",\"parameter\":\"2018-01-24 04:20\",\"fieldTypeId\":4,\"pageSize\":null,\"pageNo\":null,\"fieldRawName\":null},{\"id\":10881,\"showName\":null,\"fieldId\":10027,\"fieldName\":\"result_YQ_ZJSJ\",\"rulesId\":2,\"conditionId\":624,\"operator\":\">\",\"describ\":\"进件逾期最近出现时间\",\"active\":1,\"verify\":1,\"addUser\":\"北京集奥集合\",\"addTime\":1527661576000,\"value\":null,\"valueDesc\":null,\"uniqueCode\":1,\"fieldType\":\"date\",\"parameter\":\"2017-04-24 04:21\",\"fieldTypeId\":4,\"pageSize\":null,\"pageNo\":null,\"fieldRawName\":null}]}]},{\"id\":10479,\"name\":\"逾期最近出现日期距查询日期大于等于一年\",\"rulesId\":2,\"decision\":\"\",\"threshold\":10,\"level\":1,\"conditionNumber\":1,\"describ\":null,\"active\":1,\"verify\":0,\"addUser\":\"北京集奥集合\",\"addTime\":1527651340000,\"conditionRelationship\":\"625\",\"uniqueCode\":1,\"pageSize\":null,\"pageNo\":null,\"rulesName\":null,\"ruleCode\":\"10003\",\"conditionsList\":[{\"id\":625,\"name\":\"逾期最近出现日期距查询日期大于等于一年\",\"ruleId\":10479,\"rulesId\":2,\"fieldRelationship\":\"10882\",\"describ\":\"进件逾期最近出现时间判断\",\"active\":1,\"verify\":1,\"addUser\":\"北京集奥集合\",\"addTime\":1527651340000,\"uniqueCode\":1,\"pageSize\":null,\"pageNo\":null,\"ruleName\":null,\"rulesName\":null,\"fieldList\":[{\"id\":10882,\"showName\":null,\"fieldId\":10027,\"fieldName\":\"result_YQ_ZJSJ\",\"rulesId\":2,\"conditionId\":625,\"operator\":\"<=\",\"describ\":\"进件逾期最近出现时间\",\"active\":1,\"verify\":1,\"addUser\":\"北京集奥集合\",\"addTime\":1527651340000,\"value\":null,\"valueDesc\":null,\"uniqueCode\":1,\"fieldType\":\"date\",\"parameter\":\"2017-04-24 04:22\",\"fieldTypeId\":4,\"pageSize\":null,\"pageNo\":null,\"fieldRawName\":null}]}]},{\"id\":10480,\"name\":\"逾期累计出现次数[1,3)\",\"rulesId\":2,\"decision\":\"\",\"threshold\":20,\"level\":1,\"conditionNumber\":1,\"describ\":null,\"active\":1,\"verify\":0,\"addUser\":\"北京集奥集合\",\"addTime\":1527651340000,\"conditionRelationship\":\"626\",\"uniqueCode\":1,\"pageSize\":null,\"pageNo\":null,\"rulesName\":null,\"ruleCode\":\"10004\",\"conditionsList\":[{\"id\":626,\"name\":\"逾期累计出现次数[1,3)\",\"ruleId\":10480,\"rulesId\":2,\"fieldRelationship\":\"10883\",\"describ\":\"进件逾期累计出现次数判断\",\"active\":1,\"verify\":1,\"addUser\":\"北京集奥集合\",\"addTime\":1527651340000,\"uniqueCode\":1,\"pageSize\":null,\"pageNo\":null,\"ruleName\":null,\"rulesName\":null,\"fieldList\":[{\"id\":10883,\"showName\":null,\"fieldId\":10023,\"fieldName\":\"result_YQ_LJCS\",\"rulesId\":2,\"conditionId\":626,\"operator\":\"==\",\"describ\":\"进件逾期累计出现次数\",\"active\":1,\"verify\":1,\"addUser\":\"北京集奥集合\",\"addTime\":1527651340000,\"value\":null,\"valueDesc\":null,\"uniqueCode\":1,\"fieldType\":\"string\",\"parameter\":\"[1,3)\",\"fieldTypeId\":2,\"pageSize\":null,\"pageNo\":null,\"fieldRawName\":null}]}]},{\"id\":10481,\"name\":\"逾期累计出现次数[3,6)\",\"rulesId\":2,\"decision\":\"\",\"threshold\":40,\"level\":1,\"conditionNumber\":1,\"describ\":null,\"active\":1,\"verify\":0,\"addUser\":\"北京集奥集合\",\"addTime\":1527651340000,\"conditionRelationship\":\"627\",\"uniqueCode\":1,\"pageSize\":null,\"pageNo\":null,\"rulesName\":null,\"ruleCode\":\"10005\",\"conditionsList\":[{\"id\":627,\"name\":\"逾期累计出现次数[3,6)\",\"ruleId\":10481,\"rulesId\":2,\"fieldRelationship\":\"10884\",\"describ\":\"进件逾期累计出现次数判断\",\"active\":1,\"verify\":1,\"addUser\":\"北京集奥集合\",\"addTime\":1527651340000,\"uniqueCode\":1,\"pageSize\":null,\"pageNo\":null,\"ruleName\":null,\"rulesName\":null,\"fieldList\":[{\"id\":10884,\"showName\":null,\"fieldId\":10023,\"fieldName\":\"result_YQ_LJCS\",\"rulesId\":2,\"conditionId\":627,\"operator\":\"==\",\"describ\":\"进件逾期累计出现次数\",\"active\":1,\"verify\":1,\"addUser\":\"北京集奥集合\",\"addTime\":1527651340000,\"value\":null,\"valueDesc\":null,\"uniqueCode\":1,\"fieldType\":\"string\",\"parameter\":\"[3,6)\",\"fieldTypeId\":2,\"pageSize\":null,\"pageNo\":null,\"fieldRawName\":null}]}]},{\"id\":10482,\"name\":\"逾期累计出现次数[6,10)\",\"rulesId\":2,\"decision\":\"\",\"threshold\":60,\"level\":2,\"conditionNumber\":1,\"describ\":null,\"active\":1,\"verify\":0,\"addUser\":\"北京集奥集合\",\"addTime\":1527651340000,\"conditionRelationship\":\"628\",\"uniqueCode\":1,\"pageSize\":null,\"pageNo\":null,\"rulesName\":null,\"ruleCode\":\"10006\",\"conditionsList\":[{\"id\":628,\"name\":\"逾期累计出现次数[6,10)\",\"ruleId\":10482,\"rulesId\":2,\"fieldRelationship\":\"10885\",\"describ\":\"进件逾期累计出现次数判断\",\"active\":1,\"verify\":1,\"addUser\":\"北京集奥集合\",\"addTime\":1527651340000,\"uniqueCode\":1,\"pageSize\":null,\"pageNo\":null,\"ruleName\":null,\"rulesName\":null,\"fieldList\":[{\"id\":10885,\"showName\":null,\"fieldId\":10023,\"fieldName\":\"result_YQ_LJCS\",\"rulesId\":2,\"conditionId\":628,\"operator\":\"==\",\"describ\":\"进件逾期累计出现次数\",\"active\":1,\"verify\":1,\"addUser\":\"北京集奥集合\",\"addTime\":1527651340000,\"value\":null,\"valueDesc\":null,\"uniqueCode\":1,\"fieldType\":\"string\",\"parameter\":\"[6,10)\",\"fieldTypeId\":2,\"pageSize\":null,\"pageNo\":null,\"fieldRawName\":null}]}]},{\"id\":10483,\"name\":\"逾期累计出现次数[10+)\",\"rulesId\":2,\"decision\":\"\",\"threshold\":80,\"level\":2,\"conditionNumber\":1,\"describ\":null,\"active\":1,\"verify\":0,\"addUser\":\"北京集奥集合\",\"addTime\":1527651340000,\"conditionRelationship\":\"629\",\"uniqueCode\":1,\"pageSize\":null,\"pageNo\":null,\"rulesName\":null,\"ruleCode\":\"10007\",\"conditionsList\":[{\"id\":629,\"name\":\"逾期累计出现次数[10+)\",\"ruleId\":10483,\"rulesId\":2,\"fieldRelationship\":\"10886\",\"describ\":\"进件逾期累计出现次数判断\",\"active\":1,\"verify\":1,\"addUser\":\"北京集奥集合\",\"addTime\":1527651340000,\"uniqueCode\":1,\"pageSize\":null,\"pageNo\":null,\"ruleName\":null,\"rulesName\":null,\"fieldList\":[{\"id\":10886,\"showName\":null,\"fieldId\":10023,\"fieldName\":\"result_YQ_LJCS\",\"rulesId\":2,\"conditionId\":629,\"operator\":\"==\",\"describ\":\"进件逾期累计出现次数\",\"active\":1,\"verify\":1,\"addUser\":\"北京集奥集合\",\"addTime\":1527651340000,\"value\":null,\"valueDesc\":null,\"uniqueCode\":1,\"fieldType\":\"string\",\"parameter\":\"[10+)\",\"fieldTypeId\":2,\"pageSize\":null,\"pageNo\":null,\"fieldRawName\":null}]}]},{\"id\":10484,\"name\":\"历史最大逾期金额0-0.2\",\"rulesId\":2,\"decision\":\"\",\"threshold\":10,\"level\":1,\"conditionNumber\":1,\"describ\":null,\"active\":1,\"verify\":0,\"addUser\":\"北京集奥集合\",\"addTime\":1527651340000,\"conditionRelationship\":\"630\",\"uniqueCode\":1,\"pageSize\":null,\"pageNo\":null,\"rulesName\":null,\"ruleCode\":\"10008\",\"conditionsList\":[{\"id\":630,\"name\":\"历史最大逾期金额0-0.2\",\"ruleId\":10484,\"rulesId\":2,\"fieldRelationship\":\"10887\",\"describ\":\"进件历史最大逾期金额判断\",\"active\":1,\"verify\":1,\"addUser\":\"北京集奥集合\",\"addTime\":1527651340000,\"uniqueCode\":1,\"pageSize\":null,\"pageNo\":null,\"ruleName\":null,\"rulesName\":null,\"fieldList\":[{\"id\":10887,\"showName\":null,\"fieldId\":10030,\"fieldName\":\"result_YQ_ZDJE\",\"rulesId\":2,\"conditionId\":630,\"operator\":\"==\",\"describ\":\"进件历史最大逾期金额\",\"active\":1,\"verify\":1,\"addUser\":\"北京集奥集合\",\"addTime\":1527651340000,\"value\":null,\"valueDesc\":null,\"uniqueCode\":1,\"fieldType\":\"string\",\"parameter\":\"0-0.2\",\"fieldTypeId\":2,\"pageSize\":null,\"pageNo\":null,\"fieldRawName\":null}]}]},{\"id\":10485,\"name\":\"历史最大逾期金额0.2-0.5\",\"rulesId\":2,\"decision\":\"\",\"threshold\":20,\"level\":1,\"conditionNumber\":1,\"describ\":null,\"active\":1,\"verify\":0,\"addUser\":\"北京集奥集合\",\"addTime\":1527651340000,\"conditionRelationship\":\"631\",\"uniqueCode\":1,\"pageSize\":null,\"pageNo\":null,\"rulesName\":null,\"ruleCode\":\"10009\",\"conditionsList\":[{\"id\":631,\"name\":\"历史最大逾期金额0.2-0.5\",\"ruleId\":10485,\"rulesId\":2,\"fieldRelationship\":\"10888\",\"describ\":\"进件历史最大逾期金额判断\",\"active\":1,\"verify\":1,\"addUser\":\"北京集奥集合\",\"addTime\":1527651340000,\"uniqueCode\":1,\"pageSize\":null,\"pageNo\":null,\"ruleName\":null,\"rulesName\":null,\"fieldList\":[{\"id\":10888,\"showName\":null,\"fieldId\":10030,\"fieldName\":\"result_YQ_ZDJE\",\"rulesId\":2,\"conditionId\":631,\"operator\":\"==\",\"describ\":\"进件历史最大逾期金额\",\"active\":1,\"verify\":1,\"addUser\":\"北京集奥集合\",\"addTime\":1527651340000,\"value\":null,\"valueDesc\":null,\"uniqueCode\":1,\"fieldType\":\"string\",\"parameter\":\"0.2-0.5\",\"fieldTypeId\":2,\"pageSize\":null,\"pageNo\":null,\"fieldRawName\":null}]}]},{\"id\":10486,\"name\":\"历史最大逾期金额0.5-1\",\"rulesId\":2,\"decision\":\"\",\"threshold\":30,\"level\":1,\"conditionNumber\":1,\"describ\":null,\"active\":1,\"verify\":0,\"addUser\":\"北京集奥集合\",\"addTime\":1527651340000,\"conditionRelationship\":\"632\",\"uniqueCode\":1,\"pageSize\":null,\"pageNo\":null,\"rulesName\":null,\"ruleCode\":\"10010\",\"conditionsList\":[{\"id\":632,\"name\":\"历史最大逾期金额0.5-1\",\"ruleId\":10486,\"rulesId\":2,\"fieldRelationship\":\"10889\",\"describ\":\"进件历史最大逾期金额判断\",\"active\":1,\"verify\":1,\"addUser\":\"北京集奥集合\",\"addTime\":1527651340000,\"uniqueCode\":1,\"pageSize\":null,\"pageNo\":null,\"ruleName\":null,\"rulesName\":null,\"fieldList\":[{\"id\":10889,\"showName\":null,\"fieldId\":10030,\"fieldName\":\"result_YQ_ZDJE\",\"rulesId\":2,\"conditionId\":632,\"operator\":\"==\",\"describ\":\"进件历史最大逾期金额\",\"active\":1,\"verify\":1,\"addUser\":\"北京集奥集合\",\"addTime\":1527651340000,\"value\":null,\"valueDesc\":null,\"uniqueCode\":1,\"fieldType\":\"string\",\"parameter\":\"0.5-1\",\"fieldTypeId\":2,\"pageSize\":null,\"pageNo\":null,\"fieldRawName\":null}]}]},{\"id\":10487,\"name\":\"历史最大逾期金额1-3\",\"rulesId\":2,\"decision\":\"\",\"threshold\":40,\"level\":1,\"conditionNumber\":1,\"describ\":null,\"active\":1,\"verify\":0,\"addUser\":\"北京集奥集合\",\"addTime\":1527651340000,\"conditionRelationship\":\"633\",\"uniqueCode\":1,\"pageSize\":null,\"pageNo\":null,\"rulesName\":null,\"ruleCode\":\"10011\",\"conditionsList\":[{\"id\":633,\"name\":\"历史最大逾期金额1-3\",\"ruleId\":10487,\"rulesId\":2,\"fieldRelationship\":\"10890\",\"describ\":\"进件历史最大逾期金额判断\",\"active\":1,\"verify\":1,\"addUser\":\"北京集奥集合\",\"addTime\":1527651340000,\"uniqueCode\":1,\"pageSize\":null,\"pageNo\":null,\"ruleName\":null,\"rulesName\":null,\"fieldList\":[{\"id\":10890,\"showName\":null,\"fieldId\":10030,\"fieldName\":\"result_YQ_ZDJE\",\"rulesId\":2,\"conditionId\":633,\"operator\":\"==\",\"describ\":\"进件历史最大逾期金额\",\"active\":1,\"verify\":1,\"addUser\":\"北京集奥集合\",\"addTime\":1527651340000,\"value\":null,\"valueDesc\":null,\"uniqueCode\":1,\"fieldType\":\"string\",\"parameter\":\"1-3\",\"fieldTypeId\":2,\"pageSize\":null,\"pageNo\":null,\"fieldRawName\":null}]}]},{\"id\":10488,\"name\":\"历史最大逾期金额3-5\",\"rulesId\":2,\"decision\":\"\",\"threshold\":50,\"level\":1,\"conditionNumber\":1,\"describ\":null,\"active\":1,\"verify\":0,\"addUser\":\"北京集奥集合\",\"addTime\":1527651340000,\"conditionRelationship\":\"634\",\"uniqueCode\":1,\"pageSize\":null,\"pageNo\":null,\"rulesName\":null,\"ruleCode\":\"10012\",\"conditionsList\":[{\"id\":634,\"name\":\"历史最大逾期金额3-5\",\"ruleId\":10488,\"rulesId\":2,\"fieldRelationship\":\"10891\",\"describ\":\"进件历史最大逾期金额判断\",\"active\":1,\"verify\":1,\"addUser\":\"北京集奥集合\",\"addTime\":1527651340000,\"uniqueCode\":1,\"pageSize\":null,\"pageNo\":null,\"ruleName\":null,\"rulesName\":null,\"fieldList\":[{\"id\":10891,\"showName\":null,\"fieldId\":10030,\"fieldName\":\"result_YQ_ZDJE\",\"rulesId\":2,\"conditionId\":634,\"operator\":\"==\",\"describ\":\"进件历史最大逾期金额\",\"active\":1,\"verify\":1,\"addUser\":\"北京集奥集合\",\"addTime\":1527651340000,\"value\":null,\"valueDesc\":null,\"uniqueCode\":1,\"fieldType\":\"string\",\"parameter\":\"3-5\",\"fieldTypeId\":2,\"pageSize\":null,\"pageNo\":null,\"fieldRawName\":null}]}]},{\"id\":10489,\"name\":\"历史最大逾期金额5-10\",\"rulesId\":2,\"decision\":\"\",\"threshold\":60,\"level\":2,\"conditionNumber\":1,\"describ\":null,\"active\":1,\"verify\":0,\"addUser\":\"北京集奥集合\",\"addTime\":1527651340000,\"conditionRelationship\":\"635\",\"uniqueCode\":1,\"pageSize\":null,\"pageNo\":null,\"rulesName\":null,\"ruleCode\":\"10013\",\"conditionsList\":[{\"id\":635,\"name\":\"历史最大逾期金额5-10\",\"ruleId\":10489,\"rulesId\":2,\"fieldRelationship\":\"10892\",\"describ\":\"进件历史最大逾期金额\",\"active\":1,\"verify\":1,\"addUser\":\"北京集奥集合\",\"addTime\":1527651340000,\"uniqueCode\":1,\"pageSize\":null,\"pageNo\":null,\"ruleName\":null,\"rulesName\":null,\"fieldList\":[{\"id\":10892,\"showName\":null,\"fieldId\":10030,\"fieldName\":\"result_YQ_ZDJE\",\"rulesId\":2,\"conditionId\":635,\"operator\":\"==\",\"describ\":\"进件历史最大逾期金额\",\"active\":1,\"verify\":1,\"addUser\":\"北京集奥集合\",\"addTime\":1527651340000,\"value\":null,\"valueDesc\":null,\"uniqueCode\":1,\"fieldType\":\"string\",\"parameter\":\"5-10\",\"fieldTypeId\":2,\"pageSize\":null,\"pageNo\":null,\"fieldRawName\":null}]}]},{\"id\":10490,\"name\":\"历史最大逾期金额10+\",\"rulesId\":2,\"decision\":\"\",\"threshold\":70,\"level\":2,\"conditionNumber\":1,\"describ\":null,\"active\":1,\"verify\":0,\"addUser\":\"北京集奥集合\",\"addTime\":1527651340000,\"conditionRelationship\":\"636\",\"uniqueCode\":1,\"pageSize\":null,\"pageNo\":null,\"rulesName\":null,\"ruleCode\":\"10014\",\"conditionsList\":[{\"id\":636,\"name\":\"历史最大逾期金额10+\",\"ruleId\":10490,\"rulesId\":2,\"fieldRelationship\":\"10893\",\"describ\":\"进件历史最大逾期金额判断\",\"active\":1,\"verify\":1,\"addUser\":\"北京集奥集合\",\"addTime\":1527651340000,\"uniqueCode\":1,\"pageSize\":null,\"pageNo\":null,\"ruleName\":null,\"rulesName\":null,\"fieldList\":[{\"id\":10893,\"showName\":null,\"fieldId\":10030,\"fieldName\":\"result_YQ_ZDJE\",\"rulesId\":2,\"conditionId\":636,\"operator\":\"==\",\"describ\":\"进件历史最大逾期金额\",\"active\":1,\"verify\":1,\"addUser\":\"北京集奥集合\",\"addTime\":1527651340000,\"value\":null,\"valueDesc\":null,\"uniqueCode\":1,\"fieldType\":\"string\",\"parameter\":\"10+\",\"fieldTypeId\":2,\"pageSize\":null,\"pageNo\":null,\"fieldRawName\":null}]}]},{\"id\":10491,\"name\":\"历史最大逾期时长M0\",\"rulesId\":2,\"decision\":\"\",\"threshold\":10,\"level\":1,\"conditionNumber\":1,\"describ\":null,\"active\":1,\"verify\":0,\"addUser\":\"北京集奥集合\",\"addTime\":1527651340000,\"conditionRelationship\":\"637\",\"uniqueCode\":1,\"pageSize\":null,\"pageNo\":null,\"rulesName\":null,\"ruleCode\":\"10015\",\"conditionsList\":[{\"id\":637,\"name\":\"历史最大逾期时长M0\",\"ruleId\":10491,\"rulesId\":2,\"fieldRelationship\":\"10894\",\"describ\":\"进件历史最大逾期时长判断\",\"active\":1,\"verify\":1,\"addUser\":\"北京集奥集合\",\"addTime\":1527651340000,\"uniqueCode\":1,\"pageSize\":null,\"pageNo\":null,\"ruleName\":null,\"rulesName\":null,\"fieldList\":[{\"id\":10894,\"showName\":null,\"fieldId\":10020,\"fieldName\":\"result_YQ_ZDSC\",\"rulesId\":2,\"conditionId\":637,\"operator\":\"==\",\"describ\":\"进件历史最大逾期时长\",\"active\":1,\"verify\":1,\"addUser\":\"北京集奥集合\",\"addTime\":1527651340000,\"value\":null,\"valueDesc\":null,\"uniqueCode\":1,\"fieldType\":\"string\",\"parameter\":\"M0\",\"fieldTypeId\":2,\"pageSize\":null,\"pageNo\":null,\"fieldRawName\":null}]}]},{\"id\":10492,\"name\":\"历史最大逾期时长M1\",\"rulesId\":2,\"decision\":\"\",\"threshold\":20,\"level\":1,\"conditionNumber\":1,\"describ\":null,\"active\":1,\"verify\":0,\"addUser\":\"北京集奥集合\",\"addTime\":1527651340000,\"conditionRelationship\":\"638\",\"uniqueCode\":1,\"pageSize\":null,\"pageNo\":null,\"rulesName\":null,\"ruleCode\":\"10016\",\"conditionsList\":[{\"id\":638,\"name\":\"历史最大逾期时长M1\",\"ruleId\":10492,\"rulesId\":2,\"fieldRelationship\":\"10895\",\"describ\":\"进件历史最大逾期时长判断\",\"active\":1,\"verify\":1,\"addUser\":\"北京集奥集合\",\"addTime\":1527651340000,\"uniqueCode\":1,\"pageSize\":null,\"pageNo\":null,\"ruleName\":null,\"rulesName\":null,\"fieldList\":[{\"id\":10895,\"showName\":null,\"fieldId\":10020,\"fieldName\":\"result_YQ_ZDSC\",\"rulesId\":2,\"conditionId\":638,\"operator\":\"==\",\"describ\":\"进件历史最大逾期时长\",\"active\":1,\"verify\":1,\"addUser\":\"北京集奥集合\",\"addTime\":1527651340000,\"value\":null,\"valueDesc\":null,\"uniqueCode\":1,\"fieldType\":\"string\",\"parameter\":\"M1\",\"fieldTypeId\":2,\"pageSize\":null,\"pageNo\":null,\"fieldRawName\":null}]}]},{\"id\":10493,\"name\":\"历史最大逾期时长M2\",\"rulesId\":2,\"decision\":\"\",\"threshold\":30,\"level\":1,\"conditionNumber\":1,\"describ\":null,\"active\":1,\"verify\":0,\"addUser\":\"北京集奥集合\",\"addTime\":1527651340000,\"conditionRelationship\":\"639\",\"uniqueCode\":1,\"pageSize\":null,\"pageNo\":null,\"rulesName\":null,\"ruleCode\":\"10017\",\"conditionsList\":[{\"id\":639,\"name\":\"历史最大逾期时长M2\",\"ruleId\":10493,\"rulesId\":2,\"fieldRelationship\":\"10896\",\"describ\":\"进件历史最大逾期时长判断\",\"active\":1,\"verify\":1,\"addUser\":\"北京集奥集合\",\"addTime\":1527651340000,\"uniqueCode\":1,\"pageSize\":null,\"pageNo\":null,\"ruleName\":null,\"rulesName\":null,\"fieldList\":[{\"id\":10896,\"showName\":null,\"fieldId\":10020,\"fieldName\":\"result_YQ_ZDSC\",\"rulesId\":2,\"conditionId\":639,\"operator\":\"==\",\"describ\":\"进件历史最大逾期时长\",\"active\":1,\"verify\":1,\"addUser\":\"北京集奥集合\",\"addTime\":1527651340000,\"value\":null,\"valueDesc\":null,\"uniqueCode\":1,\"fieldType\":\"string\",\"parameter\":\"M2\",\"fieldTypeId\":2,\"pageSize\":null,\"pageNo\":null,\"fieldRawName\":null}]}]},{\"id\":10494,\"name\":\"历史最大逾期时长M3\",\"rulesId\":2,\"decision\":\"\",\"threshold\":40,\"level\":1,\"conditionNumber\":1,\"describ\":null,\"active\":1,\"verify\":0,\"addUser\":\"北京集奥集合\",\"addTime\":1527651340000,\"conditionRelationship\":\"640\",\"uniqueCode\":1,\"pageSize\":null,\"pageNo\":null,\"rulesName\":null,\"ruleCode\":\"10018\",\"conditionsList\":[{\"id\":640,\"name\":\"历史最大逾期时长M3\",\"ruleId\":10494,\"rulesId\":2,\"fieldRelationship\":\"10897\",\"describ\":\"进件历史最大逾期时长判断\",\"active\":1,\"verify\":1,\"addUser\":\"北京集奥集合\",\"addTime\":1527651340000,\"uniqueCode\":1,\"pageSize\":null,\"pageNo\":null,\"ruleName\":null,\"rulesName\":null,\"fieldList\":[{\"id\":10897,\"showName\":null,\"fieldId\":10020,\"fieldName\":\"result_YQ_ZDSC\",\"rulesId\":2,\"conditionId\":640,\"operator\":\"==\",\"describ\":\"进件历史最大逾期时长\",\"active\":1,\"verify\":1,\"addUser\":\"北京集奥集合\",\"addTime\":1527651340000,\"value\":null,\"valueDesc\":null,\"uniqueCode\":1,\"fieldType\":\"string\",\"parameter\":\"M3\",\"fieldTypeId\":2,\"pageSize\":null,\"pageNo\":null,\"fieldRawName\":null}]}]},{\"id\":10495,\"name\":\"历史最大逾期时长M4\",\"rulesId\":2,\"decision\":\"\",\"threshold\":50,\"level\":1,\"conditionNumber\":1,\"describ\":null,\"active\":1,\"verify\":0,\"addUser\":\"北京集奥集合\",\"addTime\":1527651340000,\"conditionRelationship\":\"641\",\"uniqueCode\":1,\"pageSize\":null,\"pageNo\":null,\"rulesName\":null,\"ruleCode\":\"10019\",\"conditionsList\":[{\"id\":641,\"name\":\"历史最大逾期时长M4\",\"ruleId\":10495,\"rulesId\":2,\"fieldRelationship\":\"10898\",\"describ\":\"进件历史最大逾期时长判断\",\"active\":1,\"verify\":1,\"addUser\":\"北京集奥集合\",\"addTime\":1527651340000,\"uniqueCode\":1,\"pageSize\":null,\"pageNo\":null,\"ruleName\":null,\"rulesName\":null,\"fieldList\":[{\"id\":10898,\"showName\":null,\"fieldId\":10020,\"fieldName\":\"result_YQ_ZDSC\",\"rulesId\":2,\"conditionId\":641,\"operator\":\"==\",\"describ\":\"进件历史最大逾期时长\",\"active\":1,\"verify\":1,\"addUser\":\"北京集奥集合\",\"addTime\":1527651340000,\"value\":null,\"valueDesc\":null,\"uniqueCode\":1,\"fieldType\":\"string\",\"parameter\":\"M4\",\"fieldTypeId\":2,\"pageSize\":null,\"pageNo\":null,\"fieldRawName\":null}]}]},{\"id\":10496,\"name\":\"历史最大逾期时长M5\",\"rulesId\":2,\"decision\":\"\",\"threshold\":60,\"level\":2,\"conditionNumber\":1,\"describ\":null,\"active\":1,\"verify\":0,\"addUser\":\"北京集奥集合\",\"addTime\":1527651340000,\"conditionRelationship\":\"642\",\"uniqueCode\":1,\"pageSize\":null,\"pageNo\":null,\"rulesName\":null,\"ruleCode\":\"10020\",\"conditionsList\":[{\"id\":642,\"name\":\"历史最大逾期时长M5\",\"ruleId\":10496,\"rulesId\":2,\"fieldRelationship\":\"10899\",\"describ\":\"进件历史最大逾期时长判断\",\"active\":1,\"verify\":1,\"addUser\":\"北京集奥集合\",\"addTime\":1527651340000,\"uniqueCode\":1,\"pageSize\":null,\"pageNo\":null,\"ruleName\":null,\"rulesName\":null,\"fieldList\":[{\"id\":10899,\"showName\":null,\"fieldId\":10020,\"fieldName\":\"result_YQ_ZDSC\",\"rulesId\":2,\"conditionId\":642,\"operator\":\"==\",\"describ\":\"进件历史最大逾期时长\",\"active\":1,\"verify\":1,\"addUser\":\"北京集奥集合\",\"addTime\":1527651340000,\"value\":null,\"valueDesc\":null,\"uniqueCode\":1,\"fieldType\":\"string\",\"parameter\":\"M5\",\"fieldTypeId\":2,\"pageSize\":null,\"pageNo\":null,\"fieldRawName\":null}]}]},{\"id\":10497,\"name\":\"历史最大逾期时长M6\",\"rulesId\":2,\"decision\":\"\",\"threshold\":70,\"level\":2,\"conditionNumber\":1,\"describ\":null,\"active\":1,\"verify\":0,\"addUser\":\"北京集奥集合\",\"addTime\":1527651340000,\"conditionRelationship\":\"643\",\"uniqueCode\":1,\"pageSize\":null,\"pageNo\":null,\"rulesName\":null,\"ruleCode\":\"10021\",\"conditionsList\":[{\"id\":643,\"name\":\"历史最大逾期时长M6\",\"ruleId\":10497,\"rulesId\":2,\"fieldRelationship\":\"10900\",\"describ\":\"进件历史最大逾期时长判断\",\"active\":1,\"verify\":1,\"addUser\":\"北京集奥集合\",\"addTime\":1527651340000,\"uniqueCode\":1,\"pageSize\":null,\"pageNo\":null,\"ruleName\":null,\"rulesName\":null,\"fieldList\":[{\"id\":10900,\"showName\":null,\"fieldId\":10020,\"fieldName\":\"result_YQ_ZDSC\",\"rulesId\":2,\"conditionId\":643,\"operator\":\"==\",\"describ\":\"进件历史最大逾期时长\",\"active\":1,\"verify\":1,\"addUser\":\"北京集奥集合\",\"addTime\":1527651340000,\"value\":null,\"valueDesc\":null,\"uniqueCode\":1,\"fieldType\":\"string\",\"parameter\":\"M6\",\"fieldTypeId\":2,\"pageSize\":null,\"pageNo\":null,\"fieldRawName\":null}]}]},{\"id\":10498,\"name\":\"历史最大逾期时长M6+\",\"rulesId\":2,\"decision\":\"\",\"threshold\":80,\"level\":2,\"conditionNumber\":1,\"describ\":null,\"active\":1,\"verify\":0,\"addUser\":\"北京集奥集合\",\"addTime\":1527651340000,\"conditionRelationship\":\"644\",\"uniqueCode\":1,\"pageSize\":null,\"pageNo\":null,\"rulesName\":null,\"ruleCode\":\"10022\",\"conditionsList\":[{\"id\":644,\"name\":\"历史最大逾期时长M6+\",\"ruleId\":10498,\"rulesId\":2,\"fieldRelationship\":\"10901\",\"describ\":\"进件历史最大逾期时长判断\",\"active\":1,\"verify\":1,\"addUser\":\"北京集奥集合\",\"addTime\":1527651340000,\"uniqueCode\":1,\"pageSize\":null,\"pageNo\":null,\"ruleName\":null,\"rulesName\":null,\"fieldList\":[{\"id\":10901,\"showName\":null,\"fieldId\":10020,\"fieldName\":\"result_YQ_ZDSC\",\"rulesId\":2,\"conditionId\":644,\"operator\":\"==\",\"describ\":\"进件历史最大逾期时长\",\"active\":1,\"verify\":1,\"addUser\":\"北京集奥集合\",\"addTime\":1527651340000,\"value\":null,\"valueDesc\":null,\"uniqueCode\":1,\"fieldType\":\"string\",\"parameter\":\"M6+\",\"fieldTypeId\":2,\"pageSize\":null,\"pageNo\":null,\"fieldRawName\":null}]}]},{\"id\":10499,\"name\":\"欺诈累计出现次数大于1\",\"rulesId\":2,\"decision\":\"\",\"threshold\":100,\"level\":3,\"conditionNumber\":1,\"describ\":null,\"active\":1,\"verify\":0,\"addUser\":\"北京集奥集合\",\"addTime\":1527651340000,\"conditionRelationship\":\"645\",\"uniqueCode\":1,\"pageSize\":null,\"pageNo\":null,\"rulesName\":null,\"ruleCode\":\"10023\",\"conditionsList\":[{\"id\":645,\"name\":\"欺诈累计出现次数大于1\",\"ruleId\":10499,\"rulesId\":2,\"fieldRelationship\":\"10902||10903||10904||10905\",\"describ\":\"进件欺诈累计出现次数判断\",\"active\":1,\"verify\":1,\"addUser\":\"北京集奥集合\",\"addTime\":1527651340000,\"uniqueCode\":1,\"pageSize\":null,\"pageNo\":null,\"ruleName\":null,\"rulesName\":null,\"fieldList\":[{\"id\":10902,\"showName\":null,\"fieldId\":10022,\"fieldName\":\"result_QZ_LJCS\",\"rulesId\":2,\"conditionId\":645,\"operator\":\"==\",\"describ\":\"进件欺诈累计出现次数\",\"active\":1,\"verify\":1,\"addUser\":\"北京集奥集合\",\"addTime\":1527651340000,\"value\":null,\"valueDesc\":null,\"uniqueCode\":1,\"fieldType\":\"string\",\"parameter\":\"[1,3)\",\"fieldTypeId\":2,\"pageSize\":null,\"pageNo\":null,\"fieldRawName\":null},{\"id\":10903,\"showName\":null,\"fieldId\":10022,\"fieldName\":\"result_QZ_LJCS\",\"rulesId\":2,\"conditionId\":645,\"operator\":\"==\",\"describ\":\"进件欺诈累计出现次数\",\"active\":1,\"verify\":1,\"addUser\":\"北京集奥集合\",\"addTime\":1527651340000,\"value\":null,\"valueDesc\":null,\"uniqueCode\":1,\"fieldType\":\"string\",\"parameter\":\"[3,6)\",\"fieldTypeId\":2,\"pageSize\":null,\"pageNo\":null,\"fieldRawName\":null},{\"id\":10904,\"showName\":null,\"fieldId\":10022,\"fieldName\":\"result_QZ_LJCS\",\"rulesId\":2,\"conditionId\":645,\"operator\":\"==\",\"describ\":\"进件欺诈累计出现次数\",\"active\":1,\"verify\":1,\"addUser\":\"北京集奥集合\",\"addTime\":1527651340000,\"value\":null,\"valueDesc\":null,\"uniqueCode\":1,\"fieldType\":\"string\",\"parameter\":\"[6,10)\",\"fieldTypeId\":2,\"pageSize\":null,\"pageNo\":null,\"fieldRawName\":null},{\"id\":10905,\"showName\":null,\"fieldId\":10022,\"fieldName\":\"result_QZ_LJCS\",\"rulesId\":2,\"conditionId\":645,\"operator\":\"==\",\"describ\":\"进件欺诈累计出现次数\",\"active\":1,\"verify\":1,\"addUser\":\"北京集奥集合\",\"addTime\":1527651340000,\"value\":null,\"valueDesc\":null,\"uniqueCode\":1,\"fieldType\":\"string\",\"parameter\":\"[10,+)\",\"fieldTypeId\":2,\"pageSize\":null,\"pageNo\":null,\"fieldRawName\":null}]}]},{\"id\":10500,\"name\":\"失信累计出现次数大于1\",\"rulesId\":2,\"decision\":\"\",\"threshold\":100,\"level\":3,\"conditionNumber\":1,\"describ\":null,\"active\":1,\"verify\":0,\"addUser\":\"北京集奥集合\",\"addTime\":1527651340000,\"conditionRelationship\":\"646\",\"uniqueCode\":1,\"pageSize\":null,\"pageNo\":null,\"rulesName\":null,\"ruleCode\":\"10024\",\"conditionsList\":[{\"id\":646,\"name\":\"失信累计出现次数\",\"ruleId\":10500,\"rulesId\":2,\"fieldRelationship\":\"10906||10907||10908||10909\",\"describ\":\"进件失信累计出现次数判断\",\"active\":1,\"verify\":1,\"addUser\":\"北京集奥集合\",\"addTime\":1527651340000,\"uniqueCode\":1,\"pageSize\":null,\"pageNo\":null,\"ruleName\":null,\"rulesName\":null,\"fieldList\":[{\"id\":10906,\"showName\":null,\"fieldId\":10021,\"fieldName\":\"result_SX_LJCS\",\"rulesId\":2,\"conditionId\":646,\"operator\":\"==\",\"describ\":\"进件失信累计出现次数\",\"active\":1,\"verify\":1,\"addUser\":\"北京集奥集合\",\"addTime\":1527651340000,\"value\":null,\"valueDesc\":null,\"uniqueCode\":1,\"fieldType\":\"string\",\"parameter\":\"[1,3)\",\"fieldTypeId\":2,\"pageSize\":null,\"pageNo\":null,\"fieldRawName\":null},{\"id\":10907,\"showName\":null,\"fieldId\":10021,\"fieldName\":\"result_SX_LJCS\",\"rulesId\":2,\"conditionId\":646,\"operator\":\"==\",\"describ\":\"进件失信累计出现次数\",\"active\":1,\"verify\":1,\"addUser\":\"北京集奥集合\",\"addTime\":1527651340000,\"value\":null,\"valueDesc\":null,\"uniqueCode\":1,\"fieldType\":\"string\",\"parameter\":\"[3,6)\",\"fieldTypeId\":2,\"pageSize\":null,\"pageNo\":null,\"fieldRawName\":null},{\"id\":10908,\"showName\":null,\"fieldId\":10021,\"fieldName\":\"result_SX_LJCS\",\"rulesId\":2,\"conditionId\":646,\"operator\":\"==\",\"describ\":\"进件失信累计出现次数\",\"active\":1,\"verify\":1,\"addUser\":\"北京集奥集合\",\"addTime\":1527651340000,\"value\":null,\"valueDesc\":null,\"uniqueCode\":1,\"fieldType\":\"string\",\"parameter\":\"[6,10)\",\"fieldTypeId\":2,\"pageSize\":null,\"pageNo\":null,\"fieldRawName\":null},{\"id\":10909,\"showName\":null,\"fieldId\":10021,\"fieldName\":\"result_SX_LJCS\",\"rulesId\":2,\"conditionId\":646,\"operator\":\"==\",\"describ\":\"进件失信累计出现次数\",\"active\":1,\"verify\":1,\"addUser\":\"北京集奥集合\",\"addTime\":1527651340000,\"value\":null,\"valueDesc\":null,\"uniqueCode\":1,\"fieldType\":\"string\",\"parameter\":\"[10,+)\",\"fieldTypeId\":2,\"pageSize\":null,\"pageNo\":null,\"fieldRawName\":null}]}]}],\"typeName\":null,\"sceneName\":null,\"whiteFilter\":null,\"blackFilter\":null,\"eventStatEntry\":null}',0,0,'北京集奥聚合','2018-05-30 14:26:45','信用评估-逾期、欺诈、失信甄别第二版',NULL,'v1.1.1','信用评估-逾期、欺诈、失信甄别'),
	(10005,'{\"id\":5,\"name\":\"多平台借贷行为甄别\",\"businessId\":10004,\"senceId\":10009,\"matchType\":1,\"threshold\":null,\"thresholdMin\":300,\"thresholdMax\":600,\"describ\":\"\",\"verify\":0,\"active\":0,\"addUser\":\"北京集奥集合\",\"addTime\":1527651275000,\"pageSize\":null,\"pageNo\":null,\"uniqueCode\":1,\"parameters\":{\"realName\":\"姓名\",\"idNumber\":\"身份证号\",\"cycle\":\"统计周期（单位天，可选，默认730天）\",\"cid\":\"手机号\"},\"ruleList\":[{\"id\":10463,\"name\":\"低频注册，但申请异常，非银-近180天大于等于9\",\"rulesId\":1,\"decision\":\"\",\"threshold\":50,\"level\":2,\"conditionNumber\":3,\"describ\":null,\"active\":1,\"verify\":0,\"addUser\":\"北京集奥集合\",\"addTime\":1527651275000,\"conditionRelationship\":\"579&&580&&578\",\"uniqueCode\":1,\"pageSize\":null,\"pageNo\":null,\"rulesName\":null,\"ruleCode\":\"10001\",\"conditionsList\":[{\"id\":578,\"name\":\"两年注册次数-非银介于[20,37]次\",\"ruleId\":10463,\"rulesId\":1,\"fieldRelationship\":\"10820&&10821\",\"describ\":\"进件在非银最近两年注册的次数\",\"active\":1,\"verify\":1,\"addUser\":\"北京集奥集合\",\"addTime\":1527651275000,\"uniqueCode\":1,\"pageSize\":null,\"pageNo\":null,\"ruleName\":null,\"rulesName\":null,\"fieldList\":[{\"id\":10820,\"showName\":null,\"fieldId\":10312,\"fieldName\":\"TJXX_regtimes_nonbank\",\"rulesId\":1,\"conditionId\":578,\"operator\":\">=\",\"describ\":\"进件在多平台两年注册次数\",\"active\":1,\"verify\":1,\"addUser\":\"北京集奥集合\",\"addTime\":1527651275000,\"value\":null,\"valueDesc\":null,\"uniqueCode\":1,\"fieldType\":\"int\",\"parameter\":\"20\",\"fieldTypeId\":1,\"pageSize\":null,\"pageNo\":null,\"fieldRawName\":null},{\"id\":10821,\"showName\":null,\"fieldId\":10312,\"fieldName\":\"TJXX_regtimes_nonbank\",\"rulesId\":1,\"conditionId\":578,\"operator\":\"<=\",\"describ\":\"进件在多平台两年注册次数\",\"active\":1,\"verify\":1,\"addUser\":\"北京集奥集合\",\"addTime\":1527651275000,\"value\":null,\"valueDesc\":null,\"uniqueCode\":1,\"fieldType\":\"int\",\"parameter\":\"37\",\"fieldTypeId\":1,\"pageSize\":null,\"pageNo\":null,\"fieldRawName\":null}]},{\"id\":579,\"name\":\"最近注册时间-近180天大于等于100天\",\"ruleId\":10463,\"rulesId\":1,\"fieldRelationship\":\"10822\",\"describ\":\"判断进件最近注册时间\",\"active\":1,\"verify\":1,\"addUser\":\"北京集奥集合\",\"addTime\":1527651275000,\"uniqueCode\":1,\"pageSize\":null,\"pageNo\":null,\"ruleName\":null,\"rulesName\":null,\"fieldList\":[{\"id\":10822,\"showName\":null,\"fieldId\":10170,\"fieldName\":\"TJXX_180d_reglasttime\",\"rulesId\":1,\"conditionId\":579,\"operator\":\"<=\",\"describ\":\"进件最近注册时间\",\"active\":1,\"verify\":1,\"addUser\":\"北京集奥集合\",\"addTime\":1527651275000,\"value\":null,\"valueDesc\":null,\"uniqueCode\":1,\"fieldType\":\"datetime\",\"parameter\":\"2018-01-13 01:00:00\",\"fieldTypeId\":3,\"pageSize\":null,\"pageNo\":null,\"fieldRawName\":null}]},{\"id\":580,\"name\":\"注册次数-非银-近180天大于等于9\",\"ruleId\":10463,\"rulesId\":1,\"fieldRelationship\":\"10823\",\"describ\":\"判断进件非银注册次数\",\"active\":1,\"verify\":1,\"addUser\":\"北京集奥集合\",\"addTime\":1527661694000,\"uniqueCode\":1,\"pageSize\":null,\"pageNo\":null,\"ruleName\":null,\"rulesName\":null,\"fieldList\":[{\"id\":10823,\"showName\":null,\"fieldId\":10204,\"fieldName\":\"TJXX_180d_regtimes_nonbank\",\"rulesId\":1,\"conditionId\":580,\"operator\":\">=\",\"describ\":\"进件注册次数\",\"active\":1,\"verify\":1,\"addUser\":\"北京集奥集合\",\"addTime\":1527661697000,\"value\":null,\"valueDesc\":null,\"uniqueCode\":1,\"fieldType\":\"int\",\"parameter\":\"9\",\"fieldTypeId\":1,\"pageSize\":null,\"pageNo\":null,\"fieldRawName\":null}]}]},{\"id\":10464,\"name\":\"高频申请，近180天内非银申请平台数大于3家\",\"rulesId\":1,\"decision\":\"\",\"threshold\":100,\"level\":3,\"conditionNumber\":1,\"describ\":null,\"active\":1,\"verify\":0,\"addUser\":\"北京集奥集合\",\"addTime\":1527651275000,\"conditionRelationship\":\"581\",\"uniqueCode\":1,\"pageSize\":null,\"pageNo\":null,\"rulesName\":null,\"ruleCode\":\"10002\",\"conditionsList\":[{\"id\":581,\"name\":\"近180天内非银申请平台数大于3家\",\"ruleId\":10464,\"rulesId\":1,\"fieldRelationship\":\"10824\",\"describ\":\"判断进件近180天非银申请平台数\",\"active\":1,\"verify\":1,\"addUser\":\"北京集奥集合\",\"addTime\":1527651275000,\"uniqueCode\":1,\"pageSize\":null,\"pageNo\":null,\"ruleName\":null,\"rulesName\":null,\"fieldList\":[{\"id\":10824,\"showName\":null,\"fieldId\":10209,\"fieldName\":\"TJXX_180d_appplatforms_nonbank\",\"rulesId\":1,\"conditionId\":581,\"operator\":\">=\",\"describ\":\"进件近180天申请平台数\",\"active\":1,\"verify\":1,\"addUser\":\"北京集奥集合\",\"addTime\":1527651275000,\"value\":null,\"valueDesc\":null,\"uniqueCode\":1,\"fieldType\":\"int\",\"parameter\":\"3\",\"fieldTypeId\":1,\"pageSize\":null,\"pageNo\":null,\"fieldRawName\":null}]}]},{\"id\":10465,\"name\":\"非银+银行端注册申请，最近注册时间-银行介于[154,245]天\",\"rulesId\":1,\"decision\":\"\",\"threshold\":100,\"level\":3,\"conditionNumber\":4,\"describ\":null,\"active\":1,\"verify\":0,\"addUser\":\"北京集奥集合\",\"addTime\":1527651275000,\"conditionRelationship\":\"585&&584&&583&&582\",\"uniqueCode\":1,\"pageSize\":null,\"pageNo\":null,\"rulesName\":null,\"ruleCode\":\"10003\",\"conditionsList\":[{\"id\":582,\"name\":\"两年注册次数-非银介于[20,37]次\",\"ruleId\":10465,\"rulesId\":1,\"fieldRelationship\":\"10825&&10826\",\"describ\":\"判断进件非银两年注册次数\",\"active\":1,\"verify\":1,\"addUser\":\"北京集奥集合\",\"addTime\":1527651275000,\"uniqueCode\":1,\"pageSize\":null,\"pageNo\":null,\"ruleName\":null,\"rulesName\":null,\"fieldList\":[{\"id\":10825,\"showName\":null,\"fieldId\":10312,\"fieldName\":\"TJXX_regtimes_nonbank\",\"rulesId\":1,\"conditionId\":582,\"operator\":\">=\",\"describ\":\"进件非银两年注册次数\",\"active\":1,\"verify\":1,\"addUser\":\"北京集奥集合\",\"addTime\":1527651275000,\"value\":null,\"valueDesc\":null,\"uniqueCode\":1,\"fieldType\":\"int\",\"parameter\":\"20\",\"fieldTypeId\":1,\"pageSize\":null,\"pageNo\":null,\"fieldRawName\":null},{\"id\":10826,\"showName\":null,\"fieldId\":10312,\"fieldName\":\"TJXX_regtimes_nonbank\",\"rulesId\":1,\"conditionId\":582,\"operator\":\"<=\",\"describ\":\"进件非银两年注册次数\",\"active\":1,\"verify\":1,\"addUser\":\"北京集奥集合\",\"addTime\":1527651275000,\"value\":null,\"valueDesc\":null,\"uniqueCode\":1,\"fieldType\":\"int\",\"parameter\":\"37\",\"fieldTypeId\":1,\"pageSize\":null,\"pageNo\":null,\"fieldRawName\":null}]},{\"id\":583,\"name\":\"最近注册时间-近180天大于等于103天\",\"ruleId\":10465,\"rulesId\":1,\"fieldRelationship\":\"10827\",\"describ\":\"判断进件近180天最近注册时间\",\"active\":1,\"verify\":1,\"addUser\":\"北京集奥集合\",\"addTime\":1527651275000,\"uniqueCode\":1,\"pageSize\":null,\"pageNo\":null,\"ruleName\":null,\"rulesName\":null,\"fieldList\":[{\"id\":10827,\"showName\":null,\"fieldId\":10170,\"fieldName\":\"TJXX_180d_reglasttime\",\"rulesId\":1,\"conditionId\":583,\"operator\":\"<=\",\"describ\":\"进件近180天最近注册时间\",\"active\":1,\"verify\":1,\"addUser\":\"北京集奥集合\",\"addTime\":1527651275000,\"value\":null,\"valueDesc\":null,\"uniqueCode\":1,\"fieldType\":\"datetime\",\"parameter\":\"2018-01-11 12:00:00\",\"fieldTypeId\":3,\"pageSize\":null,\"pageNo\":null,\"fieldRawName\":null}]},{\"id\":584,\"name\":\"最近放款时间-近180天大于等于149\",\"ruleId\":10465,\"rulesId\":1,\"fieldRelationship\":\"10828\",\"describ\":\"判断进件近180天最近放款时间\",\"active\":1,\"verify\":1,\"addUser\":\"北京集奥集合\",\"addTime\":1527651275000,\"uniqueCode\":1,\"pageSize\":null,\"pageNo\":null,\"ruleName\":null,\"rulesName\":null,\"fieldList\":[{\"id\":10828,\"showName\":null,\"fieldId\":10181,\"fieldName\":\"TJXX_180d_loanlasttime\",\"rulesId\":1,\"conditionId\":584,\"operator\":\"<=\",\"describ\":\"进件近180天最近放款时间\",\"active\":1,\"verify\":1,\"addUser\":\"北京集奥集合\",\"addTime\":1527651275000,\"value\":null,\"valueDesc\":null,\"uniqueCode\":1,\"fieldType\":\"datetime\",\"parameter\":\"2017-11-25 12:00:00\",\"fieldTypeId\":3,\"pageSize\":null,\"pageNo\":null,\"fieldRawName\":null}]},{\"id\":585,\"name\":\"最近注册时间-银行介于[154,245]天\",\"ruleId\":10465,\"rulesId\":1,\"fieldRelationship\":\"10829&&10830\",\"describ\":\"判断进件在银行端最近注册时间\",\"active\":1,\"verify\":1,\"addUser\":\"北京集奥集合\",\"addTime\":1527651275000,\"uniqueCode\":1,\"pageSize\":null,\"pageNo\":null,\"ruleName\":null,\"rulesName\":null,\"fieldList\":[{\"id\":10829,\"showName\":null,\"fieldId\":10296,\"fieldName\":\"TJXX_reglasttime_bank\",\"rulesId\":1,\"conditionId\":585,\"operator\":\"<=\",\"describ\":\"进件银行端最近注册时间\",\"active\":1,\"verify\":1,\"addUser\":\"北京集奥集合\",\"addTime\":1527651275000,\"value\":null,\"valueDesc\":null,\"uniqueCode\":1,\"fieldType\":\"datetime\",\"parameter\":\"2017-11-20 12:00:00\",\"fieldTypeId\":3,\"pageSize\":null,\"pageNo\":null,\"fieldRawName\":null},{\"id\":10830,\"showName\":null,\"fieldId\":10296,\"fieldName\":\"TJXX_reglasttime_bank\",\"rulesId\":1,\"conditionId\":585,\"operator\":\">=\",\"describ\":\"进件银行端最近注册时间\",\"active\":1,\"verify\":1,\"addUser\":\"北京集奥集合\",\"addTime\":1527651275000,\"value\":null,\"valueDesc\":null,\"uniqueCode\":1,\"fieldType\":\"datetime\",\"parameter\":\"2017-08-19 12:00:00\",\"fieldTypeId\":3,\"pageSize\":null,\"pageNo\":null,\"fieldRawName\":null}]}]},{\"id\":10466,\"name\":\"非银段+银行端注册申请，最近注册时间-银行大于等于246天\",\"rulesId\":1,\"decision\":\"\",\"threshold\":50,\"level\":2,\"conditionNumber\":4,\"describ\":null,\"active\":1,\"verify\":0,\"addUser\":\"北京集奥集合\",\"addTime\":1527651275000,\"conditionRelationship\":\"589&&588&&587&&586\",\"uniqueCode\":1,\"pageSize\":null,\"pageNo\":null,\"rulesName\":null,\"ruleCode\":\"10004\",\"conditionsList\":[{\"id\":586,\"name\":\"两年注册次数-非银小于等于[20,37]次\",\"ruleId\":10466,\"rulesId\":1,\"fieldRelationship\":\"10831&&10832\",\"describ\":\"判断进件非银两年注册次数\",\"active\":1,\"verify\":1,\"addUser\":\"北京集奥集合\",\"addTime\":1527651275000,\"uniqueCode\":1,\"pageSize\":null,\"pageNo\":null,\"ruleName\":null,\"rulesName\":null,\"fieldList\":[{\"id\":10831,\"showName\":null,\"fieldId\":10312,\"fieldName\":\"TJXX_regtimes_nonbank\",\"rulesId\":1,\"conditionId\":586,\"operator\":\">=\",\"describ\":\"进件非银两年注册次数\",\"active\":1,\"verify\":1,\"addUser\":\"北京集奥集合\",\"addTime\":1527651275000,\"value\":null,\"valueDesc\":null,\"uniqueCode\":1,\"fieldType\":\"int\",\"parameter\":\"20\",\"fieldTypeId\":1,\"pageSize\":null,\"pageNo\":null,\"fieldRawName\":null},{\"id\":10832,\"showName\":null,\"fieldId\":10312,\"fieldName\":\"TJXX_regtimes_nonbank\",\"rulesId\":1,\"conditionId\":586,\"operator\":\"<=\",\"describ\":\"进件非银两年注册次数\",\"active\":1,\"verify\":1,\"addUser\":\"北京集奥集合\",\"addTime\":1527651275000,\"value\":null,\"valueDesc\":null,\"uniqueCode\":1,\"fieldType\":\"int\",\"parameter\":\"37\",\"fieldTypeId\":1,\"pageSize\":null,\"pageNo\":null,\"fieldRawName\":null}]},{\"id\":587,\"name\":\"最近注册时间-近180天大于等于103天\",\"ruleId\":10466,\"rulesId\":1,\"fieldRelationship\":\"10833\",\"describ\":\"进件近180天最近注册时间\",\"active\":1,\"verify\":1,\"addUser\":\"北京集奥集合\",\"addTime\":1527651275000,\"uniqueCode\":1,\"pageSize\":null,\"pageNo\":null,\"ruleName\":null,\"rulesName\":null,\"fieldList\":[{\"id\":10833,\"showName\":null,\"fieldId\":10170,\"fieldName\":\"TJXX_180d_reglasttime\",\"rulesId\":1,\"conditionId\":587,\"operator\":\"<=\",\"describ\":\"进件近180天最近注册时间\",\"active\":1,\"verify\":1,\"addUser\":\"北京集奥集合\",\"addTime\":1527651275000,\"value\":null,\"valueDesc\":null,\"uniqueCode\":1,\"fieldType\":\"datetime\",\"parameter\":\"2018-01-11 12:00:00\",\"fieldTypeId\":3,\"pageSize\":null,\"pageNo\":null,\"fieldRawName\":null}]},{\"id\":588,\"name\":\"最近放款时间-近180天大于等于149\",\"ruleId\":10466,\"rulesId\":1,\"fieldRelationship\":\"10834\",\"describ\":\"进件近180天最近放款时间\",\"active\":1,\"verify\":1,\"addUser\":\"北京集奥集合\",\"addTime\":1527651275000,\"uniqueCode\":1,\"pageSize\":null,\"pageNo\":null,\"ruleName\":null,\"rulesName\":null,\"fieldList\":[{\"id\":10834,\"showName\":null,\"fieldId\":10181,\"fieldName\":\"TJXX_180d_loanlasttime\",\"rulesId\":1,\"conditionId\":588,\"operator\":\"<=\",\"describ\":\"进件近180天最近放款时间\",\"active\":1,\"verify\":1,\"addUser\":\"北京集奥集合\",\"addTime\":1527651275000,\"value\":null,\"valueDesc\":null,\"uniqueCode\":1,\"fieldType\":\"datetime\",\"parameter\":\"2017-11-25 12:00:00\",\"fieldTypeId\":3,\"pageSize\":null,\"pageNo\":null,\"fieldRawName\":null}]},{\"id\":589,\"name\":\"最近注册时间-银行大于等于246天\",\"ruleId\":10466,\"rulesId\":1,\"fieldRelationship\":\"10835\",\"describ\":\"进件在银行端最近注册时间\",\"active\":1,\"verify\":1,\"addUser\":\"北京集奥集合\",\"addTime\":1527651275000,\"uniqueCode\":1,\"pageSize\":null,\"pageNo\":null,\"ruleName\":null,\"rulesName\":null,\"fieldList\":[{\"id\":10835,\"showName\":null,\"fieldId\":10296,\"fieldName\":\"TJXX_reglasttime_bank\",\"rulesId\":1,\"conditionId\":589,\"operator\":\"<=\",\"describ\":\"进件在银行端最近注册时间\",\"active\":1,\"verify\":1,\"addUser\":\"北京集奥集合\",\"addTime\":1527651275000,\"value\":null,\"valueDesc\":null,\"uniqueCode\":1,\"fieldType\":\"datetime\",\"parameter\":\"2017-08-18 12:00:00\",\"fieldTypeId\":3,\"pageSize\":null,\"pageNo\":null,\"fieldRawName\":null}]}]},{\"id\":10467,\"name\":\"注册以及特定金额，最大申请金额区间-近180天等于0W～0.2W\",\"rulesId\":1,\"decision\":\"\",\"threshold\":50,\"level\":2,\"conditionNumber\":4,\"describ\":null,\"active\":1,\"verify\":0,\"addUser\":\"北京集奥集合\",\"addTime\":1527651275000,\"conditionRelationship\":\"593&&592&&591&&590\",\"uniqueCode\":1,\"pageSize\":null,\"pageNo\":null,\"rulesName\":null,\"ruleCode\":\"10005\",\"conditionsList\":[{\"id\":590,\"name\":\"两年注册次数-非银大于等于38次\",\"ruleId\":10467,\"rulesId\":1,\"fieldRelationship\":\"10836\",\"describ\":\"进件非银两年注册次数\",\"active\":1,\"verify\":1,\"addUser\":\"北京集奥集合\",\"addTime\":1527651275000,\"uniqueCode\":1,\"pageSize\":null,\"pageNo\":null,\"ruleName\":null,\"rulesName\":null,\"fieldList\":[{\"id\":10836,\"showName\":null,\"fieldId\":10312,\"fieldName\":\"TJXX_regtimes_nonbank\",\"rulesId\":1,\"conditionId\":590,\"operator\":\">=\",\"describ\":\"进件非银两年注册次数\",\"active\":1,\"verify\":1,\"addUser\":\"北京集奥集合\",\"addTime\":1527651275000,\"value\":null,\"valueDesc\":null,\"uniqueCode\":1,\"fieldType\":\"int\",\"parameter\":\"38\",\"fieldTypeId\":1,\"pageSize\":null,\"pageNo\":null,\"fieldRawName\":null}]},{\"id\":591,\"name\":\"最近注册时间-近180天介于[73,103]天\",\"ruleId\":10467,\"rulesId\":1,\"fieldRelationship\":\"10837&&10838\",\"describ\":\"进件近180天最近注册时间\",\"active\":1,\"verify\":1,\"addUser\":\"北京集奥集合\",\"addTime\":1527651275000,\"uniqueCode\":1,\"pageSize\":null,\"pageNo\":null,\"ruleName\":null,\"rulesName\":null,\"fieldList\":[{\"id\":10837,\"showName\":null,\"fieldId\":10170,\"fieldName\":\"TJXX_180d_reglasttime\",\"rulesId\":1,\"conditionId\":591,\"operator\":\">=\",\"describ\":\"进件近180天最近注册时间\",\"active\":1,\"verify\":1,\"addUser\":\"北京集奥集合\",\"addTime\":1527651275000,\"value\":null,\"valueDesc\":null,\"uniqueCode\":1,\"fieldType\":\"datetime\",\"parameter\":\"2018-01-11 12:00:00\",\"fieldTypeId\":3,\"pageSize\":null,\"pageNo\":null,\"fieldRawName\":null},{\"id\":10838,\"showName\":null,\"fieldId\":10170,\"fieldName\":\"TJXX_180d_reglasttime\",\"rulesId\":1,\"conditionId\":591,\"operator\":\"<=\",\"describ\":\"进件近180天最近注册时间\",\"active\":1,\"verify\":1,\"addUser\":\"北京集奥集合\",\"addTime\":1527651275000,\"value\":null,\"valueDesc\":null,\"uniqueCode\":1,\"fieldType\":\"datetime\",\"parameter\":\"2018-02-11 12:00:00\",\"fieldTypeId\":3,\"pageSize\":null,\"pageNo\":null,\"fieldRawName\":null}]},{\"id\":592,\"name\":\"最近放款时间-近180天介于[71,139]天\",\"ruleId\":10467,\"rulesId\":1,\"fieldRelationship\":\"10839&&10840\",\"describ\":\"进件近180天最近放款时间\",\"active\":1,\"verify\":1,\"addUser\":\"北京集奥集合\",\"addTime\":1527651275000,\"uniqueCode\":1,\"pageSize\":null,\"pageNo\":null,\"ruleName\":null,\"rulesName\":null,\"fieldList\":[{\"id\":10839,\"showName\":null,\"fieldId\":10181,\"fieldName\":\"TJXX_180d_loanlasttime\",\"rulesId\":1,\"conditionId\":592,\"operator\":\">=\",\"describ\":\"进件近180天最近放款时间\",\"active\":1,\"verify\":1,\"addUser\":\"北京集奥集合\",\"addTime\":1527651275000,\"value\":null,\"valueDesc\":null,\"uniqueCode\":1,\"fieldType\":\"datetime\",\"parameter\":\"2017-12-05 12:00:00\",\"fieldTypeId\":3,\"pageSize\":null,\"pageNo\":null,\"fieldRawName\":null},{\"id\":10840,\"showName\":null,\"fieldId\":10181,\"fieldName\":\"TJXX_180d_loanlasttime\",\"rulesId\":1,\"conditionId\":592,\"operator\":\"<=\",\"describ\":\"进件近180天最近放款时间\",\"active\":1,\"verify\":1,\"addUser\":\"北京集奥集合\",\"addTime\":1527651275000,\"value\":null,\"valueDesc\":null,\"uniqueCode\":1,\"fieldType\":\"datetime\",\"parameter\":\"2018-02-13 12:00:00\",\"fieldTypeId\":3,\"pageSize\":null,\"pageNo\":null,\"fieldRawName\":null}]},{\"id\":593,\"name\":\"最大申请金额区间-近180天等于0W～0.2W\",\"ruleId\":10467,\"rulesId\":1,\"fieldRelationship\":\"10841\",\"describ\":\"进件近180天最大申请金额区间\",\"active\":1,\"verify\":1,\"addUser\":\"北京集奥集合\",\"addTime\":1527651275000,\"uniqueCode\":1,\"pageSize\":null,\"pageNo\":null,\"ruleName\":null,\"rulesName\":null,\"fieldList\":[{\"id\":10841,\"showName\":null,\"fieldId\":10174,\"fieldName\":\"TJXX_180d_appmoney\",\"rulesId\":1,\"conditionId\":593,\"operator\":\"==\",\"describ\":\"进件近180天最大申请金额区间\",\"active\":1,\"verify\":1,\"addUser\":\"北京集奥集合\",\"addTime\":1527651275000,\"value\":null,\"valueDesc\":null,\"uniqueCode\":1,\"fieldType\":\"string\",\"parameter\":\"0-0.2\",\"fieldTypeId\":2,\"pageSize\":null,\"pageNo\":null,\"fieldRawName\":null}]}]},{\"id\":10468,\"name\":\"高频注册，注册次数-非银-近180天[8,12]次\",\"rulesId\":1,\"decision\":\"\",\"threshold\":50,\"level\":2,\"conditionNumber\":4,\"describ\":null,\"active\":1,\"verify\":0,\"addUser\":\"北京集奥集合\",\"addTime\":1527651275000,\"conditionRelationship\":\"597&&596&&595&&594\",\"uniqueCode\":1,\"pageSize\":null,\"pageNo\":null,\"rulesName\":null,\"ruleCode\":\"10006\",\"conditionsList\":[{\"id\":594,\"name\":\"两年注册次数-非银大于等于38次\",\"ruleId\":10468,\"rulesId\":1,\"fieldRelationship\":\"10842\",\"describ\":\"进件非银两年注册次数\",\"active\":1,\"verify\":1,\"addUser\":\"北京集奥集合\",\"addTime\":1527651275000,\"uniqueCode\":1,\"pageSize\":null,\"pageNo\":null,\"ruleName\":null,\"rulesName\":null,\"fieldList\":[{\"id\":10842,\"showName\":null,\"fieldId\":10312,\"fieldName\":\"TJXX_regtimes_nonbank\",\"rulesId\":1,\"conditionId\":594,\"operator\":\">=\",\"describ\":\"进件非银两年注册次数\",\"active\":1,\"verify\":1,\"addUser\":\"北京集奥集合\",\"addTime\":1527651275000,\"value\":null,\"valueDesc\":null,\"uniqueCode\":1,\"fieldType\":\"int\",\"parameter\":\"38\",\"fieldTypeId\":1,\"pageSize\":null,\"pageNo\":null,\"fieldRawName\":null}]},{\"id\":595,\"name\":\"最近注册时间-近180天大于等于104天\",\"ruleId\":10468,\"rulesId\":1,\"fieldRelationship\":\"10843\",\"describ\":\"进件近180天最近注册时间\",\"active\":1,\"verify\":1,\"addUser\":\"北京集奥集合\",\"addTime\":1527651275000,\"uniqueCode\":1,\"pageSize\":null,\"pageNo\":null,\"ruleName\":null,\"rulesName\":null,\"fieldList\":[{\"id\":10843,\"showName\":null,\"fieldId\":10170,\"fieldName\":\"TJXX_180d_reglasttime\",\"rulesId\":1,\"conditionId\":595,\"operator\":\"<=\",\"describ\":\"进件近180天最近注册时间\",\"active\":1,\"verify\":1,\"addUser\":\"北京集奥集合\",\"addTime\":1527651275000,\"value\":null,\"valueDesc\":null,\"uniqueCode\":1,\"fieldType\":\"datetime\",\"parameter\":\"2018-01-10 12:00:00\",\"fieldTypeId\":3,\"pageSize\":null,\"pageNo\":null,\"fieldRawName\":null}]},{\"id\":596,\"name\":\"最近放款时间-近180天[71,139]天\",\"ruleId\":10468,\"rulesId\":1,\"fieldRelationship\":\"10844&&10845\",\"describ\":\"进件近180天最近放款时间\",\"active\":1,\"verify\":1,\"addUser\":\"北京集奥集合\",\"addTime\":1527651275000,\"uniqueCode\":1,\"pageSize\":null,\"pageNo\":null,\"ruleName\":null,\"rulesName\":null,\"fieldList\":[{\"id\":10844,\"showName\":null,\"fieldId\":10181,\"fieldName\":\"TJXX_180d_loanlasttime\",\"rulesId\":1,\"conditionId\":596,\"operator\":\">=\",\"describ\":\"进件近180天最近放款时间\",\"active\":1,\"verify\":1,\"addUser\":\"北京集奥集合\",\"addTime\":1527651275000,\"value\":null,\"valueDesc\":null,\"uniqueCode\":1,\"fieldType\":\"datetime\",\"parameter\":\"2017-12-05 12:00:00\",\"fieldTypeId\":3,\"pageSize\":null,\"pageNo\":null,\"fieldRawName\":null},{\"id\":10845,\"showName\":null,\"fieldId\":10181,\"fieldName\":\"TJXX_180d_loanlasttime\",\"rulesId\":1,\"conditionId\":596,\"operator\":\"<=\",\"describ\":\"进件近180天最近放款时间\",\"active\":1,\"verify\":1,\"addUser\":\"北京集奥集合\",\"addTime\":1527651275000,\"value\":null,\"valueDesc\":null,\"uniqueCode\":1,\"fieldType\":\"datetime\",\"parameter\":\"2018-02-13 12:00:00\",\"fieldTypeId\":3,\"pageSize\":null,\"pageNo\":null,\"fieldRawName\":null}]},{\"id\":597,\"name\":\"注册次数-非银-近180天[8,12]次\",\"ruleId\":10468,\"rulesId\":1,\"fieldRelationship\":\"10846&&10847\",\"describ\":\"进件近180天非银注册次数\",\"active\":1,\"verify\":1,\"addUser\":\"北京集奥集合\",\"addTime\":1527651275000,\"uniqueCode\":1,\"pageSize\":null,\"pageNo\":null,\"ruleName\":null,\"rulesName\":null,\"fieldList\":[{\"id\":10846,\"showName\":null,\"fieldId\":10204,\"fieldName\":\"TJXX_180d_regtimes_nonbank\",\"rulesId\":1,\"conditionId\":597,\"operator\":\">=\",\"describ\":\"进件近180天非银注册次数\",\"active\":1,\"verify\":1,\"addUser\":\"北京集奥集合\",\"addTime\":1527651276000,\"value\":null,\"valueDesc\":null,\"uniqueCode\":1,\"fieldType\":\"int\",\"parameter\":\"8\",\"fieldTypeId\":1,\"pageSize\":null,\"pageNo\":null,\"fieldRawName\":null},{\"id\":10847,\"showName\":null,\"fieldId\":10204,\"fieldName\":\"TJXX_180d_regtimes_nonbank\",\"rulesId\":1,\"conditionId\":597,\"operator\":\"<=\",\"describ\":\"进件近180天非银注册次数\",\"active\":1,\"verify\":1,\"addUser\":\"北京集奥集合\",\"addTime\":1527651276000,\"value\":null,\"valueDesc\":null,\"uniqueCode\":1,\"fieldType\":\"int\",\"parameter\":\"12\",\"fieldTypeId\":1,\"pageSize\":null,\"pageNo\":null,\"fieldRawName\":null}]}]},{\"id\":10469,\"name\":\"高频注册，注册次数-非银-近180天大于等于13次\",\"rulesId\":1,\"decision\":\"\",\"threshold\":100,\"level\":3,\"conditionNumber\":4,\"describ\":null,\"active\":1,\"verify\":0,\"addUser\":\"北京集奥集合\",\"addTime\":1527651276000,\"conditionRelationship\":\"601&&600&&599&&598\",\"uniqueCode\":1,\"pageSize\":null,\"pageNo\":null,\"rulesName\":null,\"ruleCode\":\"10007\",\"conditionsList\":[{\"id\":598,\"name\":\"两年注册次数-非银大于等于38次\",\"ruleId\":10469,\"rulesId\":1,\"fieldRelationship\":\"10848\",\"describ\":\"进件非银两年注册次数\",\"active\":1,\"verify\":1,\"addUser\":\"北京集奥集合\",\"addTime\":1527651276000,\"uniqueCode\":1,\"pageSize\":null,\"pageNo\":null,\"ruleName\":null,\"rulesName\":null,\"fieldList\":[{\"id\":10848,\"showName\":null,\"fieldId\":10312,\"fieldName\":\"TJXX_regtimes_nonbank\",\"rulesId\":1,\"conditionId\":598,\"operator\":\">=\",\"describ\":\"进件非银两年注册次数\",\"active\":1,\"verify\":1,\"addUser\":\"北京集奥集合\",\"addTime\":1527651276000,\"value\":null,\"valueDesc\":null,\"uniqueCode\":1,\"fieldType\":\"int\",\"parameter\":\"38\",\"fieldTypeId\":1,\"pageSize\":null,\"pageNo\":null,\"fieldRawName\":null}]},{\"id\":599,\"name\":\"最近注册时间-近180天大于等于104天\",\"ruleId\":10469,\"rulesId\":1,\"fieldRelationship\":\"10849\",\"describ\":\"进件近180天最近注册时间\",\"active\":1,\"verify\":1,\"addUser\":\"北京集奥集合\",\"addTime\":1527651276000,\"uniqueCode\":1,\"pageSize\":null,\"pageNo\":null,\"ruleName\":null,\"rulesName\":null,\"fieldList\":[{\"id\":10849,\"showName\":null,\"fieldId\":10170,\"fieldName\":\"TJXX_180d_reglasttime\",\"rulesId\":1,\"conditionId\":599,\"operator\":\"<=\",\"describ\":\"进件近180天最近注册时间\",\"active\":1,\"verify\":1,\"addUser\":\"北京集奥集合\",\"addTime\":1527651276000,\"value\":null,\"valueDesc\":null,\"uniqueCode\":1,\"fieldType\":\"datetime\",\"parameter\":\"2018-01-10 12:00:00\",\"fieldTypeId\":3,\"pageSize\":null,\"pageNo\":null,\"fieldRawName\":null}]},{\"id\":600,\"name\":\"最近放款时间-近180天介于[71,139]天\",\"ruleId\":10469,\"rulesId\":1,\"fieldRelationship\":\"10850&&10851\",\"describ\":\"进件近180天最近放款时间\",\"active\":1,\"verify\":1,\"addUser\":\"北京集奥集合\",\"addTime\":1527651276000,\"uniqueCode\":1,\"pageSize\":null,\"pageNo\":null,\"ruleName\":null,\"rulesName\":null,\"fieldList\":[{\"id\":10850,\"showName\":null,\"fieldId\":10181,\"fieldName\":\"TJXX_180d_loanlasttime\",\"rulesId\":1,\"conditionId\":600,\"operator\":\">=\",\"describ\":\"进件近180天最近放款时间\",\"active\":1,\"verify\":1,\"addUser\":\"北京集奥集合\",\"addTime\":1527651276000,\"value\":null,\"valueDesc\":null,\"uniqueCode\":1,\"fieldType\":\"datetime\",\"parameter\":\"2017-12-05 12:00:00\",\"fieldTypeId\":3,\"pageSize\":null,\"pageNo\":null,\"fieldRawName\":null},{\"id\":10851,\"showName\":null,\"fieldId\":10181,\"fieldName\":\"TJXX_180d_loanlasttime\",\"rulesId\":1,\"conditionId\":600,\"operator\":\"<=\",\"describ\":\"进件近180天最近放款时间\",\"active\":1,\"verify\":1,\"addUser\":\"北京集奥集合\",\"addTime\":1527651276000,\"value\":null,\"valueDesc\":null,\"uniqueCode\":1,\"fieldType\":\"datetime\",\"parameter\":\"2018-02-13 12:00:00\",\"fieldTypeId\":3,\"pageSize\":null,\"pageNo\":null,\"fieldRawName\":null}]},{\"id\":601,\"name\":\"注册次数-非银-近180天大于等于13次\",\"ruleId\":10469,\"rulesId\":1,\"fieldRelationship\":\"10852\",\"describ\":\"进件近180天非银注册次数\",\"active\":1,\"verify\":1,\"addUser\":\"北京集奥集合\",\"addTime\":1527651276000,\"uniqueCode\":1,\"pageSize\":null,\"pageNo\":null,\"ruleName\":null,\"rulesName\":null,\"fieldList\":[{\"id\":10852,\"showName\":null,\"fieldId\":10204,\"fieldName\":\"TJXX_180d_regtimes_nonbank\",\"rulesId\":1,\"conditionId\":601,\"operator\":\">=\",\"describ\":\"进件近180天非银注册次数\",\"active\":1,\"verify\":1,\"addUser\":\"北京集奥集合\",\"addTime\":1527651276000,\"value\":null,\"valueDesc\":null,\"uniqueCode\":1,\"fieldType\":\"int\",\"parameter\":\"13\",\"fieldTypeId\":1,\"pageSize\":null,\"pageNo\":null,\"fieldRawName\":null}]}]},{\"id\":10470,\"name\":\"高频注册，近180天内非银注册平台数大于等于9家\",\"rulesId\":1,\"decision\":\"\",\"threshold\":50,\"level\":2,\"conditionNumber\":1,\"describ\":null,\"active\":1,\"verify\":0,\"addUser\":\"北京集奥集合\",\"addTime\":1527651276000,\"conditionRelationship\":\"602\",\"uniqueCode\":1,\"pageSize\":null,\"pageNo\":null,\"rulesName\":null,\"ruleCode\":\"10008\",\"conditionsList\":[{\"id\":602,\"name\":\"近180天内非银注册平台数大于等于9家\",\"ruleId\":10470,\"rulesId\":1,\"fieldRelationship\":\"10853\",\"describ\":\"进件注册平台数判断\",\"active\":1,\"verify\":1,\"addUser\":\"北京集奥集合\",\"addTime\":1527661652000,\"uniqueCode\":1,\"pageSize\":null,\"pageNo\":null,\"ruleName\":null,\"rulesName\":null,\"fieldList\":[{\"id\":10853,\"showName\":null,\"fieldId\":10205,\"fieldName\":\"TJXX_180d_regplatforms_nonbank\",\"rulesId\":1,\"conditionId\":602,\"operator\":\">=\",\"describ\":\"进件注册平台数\",\"active\":1,\"verify\":1,\"addUser\":\"北京集奥集合\",\"addTime\":1527651276000,\"value\":null,\"valueDesc\":null,\"uniqueCode\":1,\"fieldType\":\"int\",\"parameter\":\"9\",\"fieldTypeId\":1,\"pageSize\":null,\"pageNo\":null,\"fieldRawName\":null}]}]},{\"id\":10471,\"name\":\"高频申请且有驳回记录\",\"rulesId\":1,\"decision\":\"\",\"threshold\":100,\"level\":3,\"conditionNumber\":2,\"describ\":null,\"active\":1,\"verify\":0,\"addUser\":\"北京集奥集合\",\"addTime\":1527651276000,\"conditionRelationship\":\"604&&603\",\"uniqueCode\":1,\"pageSize\":null,\"pageNo\":null,\"rulesName\":null,\"ruleCode\":\"10009\",\"conditionsList\":[{\"id\":603,\"name\":\"两年内非银申请平台数大于9\",\"ruleId\":10471,\"rulesId\":1,\"fieldRelationship\":\"10854\",\"describ\":\"进件申请平台数判断\",\"active\":1,\"verify\":1,\"addUser\":\"北京集奥集合\",\"addTime\":1527651276000,\"uniqueCode\":1,\"pageSize\":null,\"pageNo\":null,\"ruleName\":null,\"rulesName\":null,\"fieldList\":[{\"id\":10854,\"showName\":null,\"fieldId\":10317,\"fieldName\":\"TJXX_appplatforms_nonbank\",\"rulesId\":1,\"conditionId\":603,\"operator\":\">\",\"describ\":\"进件申请平台数\",\"active\":1,\"verify\":1,\"addUser\":\"北京集奥集合\",\"addTime\":1527651276000,\"value\":null,\"valueDesc\":null,\"uniqueCode\":1,\"fieldType\":\"int\",\"parameter\":\"9\",\"fieldTypeId\":1,\"pageSize\":null,\"pageNo\":null,\"fieldRawName\":null}]},{\"id\":604,\"name\":\"两年内非银驳回次数大于1\",\"ruleId\":10471,\"rulesId\":1,\"fieldRelationship\":\"10855\",\"describ\":\"进件驳回次数判断\",\"active\":1,\"verify\":1,\"addUser\":\"北京集奥集合\",\"addTime\":1527651276000,\"uniqueCode\":1,\"pageSize\":null,\"pageNo\":null,\"ruleName\":null,\"rulesName\":null,\"fieldList\":[{\"id\":10855,\"showName\":null,\"fieldId\":10326,\"fieldName\":\"TJXX_rejtimes_nonbank\",\"rulesId\":1,\"conditionId\":604,\"operator\":\">\",\"describ\":\"进件驳回次数\",\"active\":1,\"verify\":1,\"addUser\":\"北京集奥集合\",\"addTime\":1527651276000,\"value\":null,\"valueDesc\":null,\"uniqueCode\":1,\"fieldType\":\"int\",\"parameter\":\"1\",\"fieldTypeId\":1,\"pageSize\":null,\"pageNo\":null,\"fieldRawName\":null}]}]},{\"id\":10472,\"name\":\"高频注册，两年注册次数-非银介于[43,54]次\",\"rulesId\":1,\"decision\":\"\",\"threshold\":50,\"level\":2,\"conditionNumber\":3,\"describ\":null,\"active\":1,\"verify\":0,\"addUser\":\"北京集奥集合\",\"addTime\":1527651276000,\"conditionRelationship\":\"607&&606&&605\",\"uniqueCode\":1,\"pageSize\":null,\"pageNo\":null,\"rulesName\":null,\"ruleCode\":\"10010\",\"conditionsList\":[{\"id\":605,\"name\":\"两年注册次数-非银介于[43,54]次\",\"ruleId\":10472,\"rulesId\":1,\"fieldRelationship\":\"10856&&10857\",\"describ\":\"进件非银两年注册次数\",\"active\":1,\"verify\":1,\"addUser\":\"北京集奥集合\",\"addTime\":1527651276000,\"uniqueCode\":1,\"pageSize\":null,\"pageNo\":null,\"ruleName\":null,\"rulesName\":null,\"fieldList\":[{\"id\":10856,\"showName\":null,\"fieldId\":10312,\"fieldName\":\"TJXX_regtimes_nonbank\",\"rulesId\":1,\"conditionId\":605,\"operator\":\">=\",\"describ\":\"进件两年注册次数\",\"active\":1,\"verify\":1,\"addUser\":\"北京集奥集合\",\"addTime\":1527651276000,\"value\":null,\"valueDesc\":null,\"uniqueCode\":1,\"fieldType\":\"int\",\"parameter\":\"43\",\"fieldTypeId\":1,\"pageSize\":null,\"pageNo\":null,\"fieldRawName\":null},{\"id\":10857,\"showName\":null,\"fieldId\":10312,\"fieldName\":\"TJXX_regtimes_nonbank\",\"rulesId\":1,\"conditionId\":605,\"operator\":\"<=\",\"describ\":\"进件两年注册次数\",\"active\":1,\"verify\":1,\"addUser\":\"北京集奥集合\",\"addTime\":1527651276000,\"value\":null,\"valueDesc\":null,\"uniqueCode\":1,\"fieldType\":\"int\",\"parameter\":\"54\",\"fieldTypeId\":1,\"pageSize\":null,\"pageNo\":null,\"fieldRawName\":null}]},{\"id\":606,\"name\":\"最近注册时间-近180天介于[73,104]天\",\"ruleId\":10472,\"rulesId\":1,\"fieldRelationship\":\"10858&&10859\",\"describ\":\"进件近180天最近注册时间\",\"active\":1,\"verify\":1,\"addUser\":\"北京集奥集合\",\"addTime\":1527651276000,\"uniqueCode\":1,\"pageSize\":null,\"pageNo\":null,\"ruleName\":null,\"rulesName\":null,\"fieldList\":[{\"id\":10858,\"showName\":null,\"fieldId\":10170,\"fieldName\":\"TJXX_180d_reglasttime\",\"rulesId\":1,\"conditionId\":606,\"operator\":\">=\",\"describ\":\"进件近180天最近注册时间\",\"active\":1,\"verify\":1,\"addUser\":\"北京集奥集合\",\"addTime\":1527651276000,\"value\":null,\"valueDesc\":null,\"uniqueCode\":1,\"fieldType\":\"datetime\",\"parameter\":\"2018-01-10 12:00:00\",\"fieldTypeId\":3,\"pageSize\":null,\"pageNo\":null,\"fieldRawName\":null},{\"id\":10859,\"showName\":null,\"fieldId\":10170,\"fieldName\":\"TJXX_180d_reglasttime\",\"rulesId\":1,\"conditionId\":606,\"operator\":\"<=\",\"describ\":\"进件近180天最近注册时间\",\"active\":1,\"verify\":1,\"addUser\":\"北京集奥集合\",\"addTime\":1527651276000,\"value\":null,\"valueDesc\":null,\"uniqueCode\":1,\"fieldType\":\"datetime\",\"parameter\":\"2018-02-11 12:00:00\",\"fieldTypeId\":3,\"pageSize\":null,\"pageNo\":null,\"fieldRawName\":null}]},{\"id\":607,\"name\":\"最近放款时间-近180天大于等于140\",\"ruleId\":10472,\"rulesId\":1,\"fieldRelationship\":\"10860\",\"describ\":\"进件近180天最近放款时间\",\"active\":1,\"verify\":1,\"addUser\":\"北京集奥集合\",\"addTime\":1527651276000,\"uniqueCode\":1,\"pageSize\":null,\"pageNo\":null,\"ruleName\":null,\"rulesName\":null,\"fieldList\":[{\"id\":10860,\"showName\":null,\"fieldId\":10181,\"fieldName\":\"TJXX_180d_loanlasttime\",\"rulesId\":1,\"conditionId\":607,\"operator\":\"<=\",\"describ\":\"进件近180天最近放款时间\",\"active\":1,\"verify\":1,\"addUser\":\"北京集奥集合\",\"addTime\":1527651276000,\"value\":null,\"valueDesc\":null,\"uniqueCode\":1,\"fieldType\":\"datetime\",\"parameter\":\"2017-12-14 12:00:00\",\"fieldTypeId\":3,\"pageSize\":null,\"pageNo\":null,\"fieldRawName\":null}]}]},{\"id\":10473,\"name\":\"高频注册，两年注册次数-非银大于等于55次\",\"rulesId\":1,\"decision\":\"\",\"threshold\":100,\"level\":3,\"conditionNumber\":3,\"describ\":null,\"active\":1,\"verify\":0,\"addUser\":\"北京集奥集合\",\"addTime\":1527651276000,\"conditionRelationship\":\"610&&609&&608\",\"uniqueCode\":1,\"pageSize\":null,\"pageNo\":null,\"rulesName\":null,\"ruleCode\":\"10011\",\"conditionsList\":[{\"id\":608,\"name\":\"两年注册次数-非银大于等于55次\",\"ruleId\":10473,\"rulesId\":1,\"fieldRelationship\":\"10861\",\"describ\":\"进件非银两年注册次数判断\",\"active\":1,\"verify\":1,\"addUser\":\"北京集奥集合\",\"addTime\":1527651276000,\"uniqueCode\":1,\"pageSize\":null,\"pageNo\":null,\"ruleName\":null,\"rulesName\":null,\"fieldList\":[{\"id\":10861,\"showName\":null,\"fieldId\":10312,\"fieldName\":\"TJXX_regtimes_nonbank\",\"rulesId\":1,\"conditionId\":608,\"operator\":\">=\",\"describ\":\"进件两年注册次数\",\"active\":1,\"verify\":1,\"addUser\":\"北京集奥集合\",\"addTime\":1527651276000,\"value\":null,\"valueDesc\":null,\"uniqueCode\":1,\"fieldType\":\"int\",\"parameter\":\"55\",\"fieldTypeId\":1,\"pageSize\":null,\"pageNo\":null,\"fieldRawName\":null}]},{\"id\":609,\"name\":\"最近注册时间-近180天介于[73,104]天\",\"ruleId\":10473,\"rulesId\":1,\"fieldRelationship\":\"10862&&10863\",\"describ\":\"进件近180天最近注册时间\",\"active\":1,\"verify\":1,\"addUser\":\"北京集奥集合\",\"addTime\":1527651276000,\"uniqueCode\":1,\"pageSize\":null,\"pageNo\":null,\"ruleName\":null,\"rulesName\":null,\"fieldList\":[{\"id\":10862,\"showName\":null,\"fieldId\":10170,\"fieldName\":\"TJXX_180d_reglasttime\",\"rulesId\":1,\"conditionId\":609,\"operator\":\">=\",\"describ\":\"进件最近注册时间\",\"active\":1,\"verify\":1,\"addUser\":\"北京集奥集合\",\"addTime\":1527651276000,\"value\":null,\"valueDesc\":null,\"uniqueCode\":1,\"fieldType\":\"datetime\",\"parameter\":\"2018-01-10 12:00:00\",\"fieldTypeId\":3,\"pageSize\":null,\"pageNo\":null,\"fieldRawName\":null},{\"id\":10863,\"showName\":null,\"fieldId\":10170,\"fieldName\":\"TJXX_180d_reglasttime\",\"rulesId\":1,\"conditionId\":609,\"operator\":\"<=\",\"describ\":\"进件最近注册时间\",\"active\":1,\"verify\":1,\"addUser\":\"北京集奥集合\",\"addTime\":1527651276000,\"value\":null,\"valueDesc\":null,\"uniqueCode\":1,\"fieldType\":\"datetime\",\"parameter\":\"2018-02-11 12:00:00\",\"fieldTypeId\":3,\"pageSize\":null,\"pageNo\":null,\"fieldRawName\":null}]},{\"id\":610,\"name\":\"最近放款时间-近180天大于等于140\",\"ruleId\":10473,\"rulesId\":1,\"fieldRelationship\":\"10864\",\"describ\":\"进件近180天最近放款时间判断\",\"active\":1,\"verify\":1,\"addUser\":\"北京集奥集合\",\"addTime\":1527651276000,\"uniqueCode\":1,\"pageSize\":null,\"pageNo\":null,\"ruleName\":null,\"rulesName\":null,\"fieldList\":[{\"id\":10864,\"showName\":null,\"fieldId\":10181,\"fieldName\":\"TJXX_180d_loanlasttime\",\"rulesId\":1,\"conditionId\":610,\"operator\":\"<=\",\"describ\":\"进件最近放款时间\",\"active\":1,\"verify\":1,\"addUser\":\"北京集奥集合\",\"addTime\":1527651276000,\"value\":null,\"valueDesc\":null,\"uniqueCode\":1,\"fieldType\":\"datetime\",\"parameter\":\"2017-12-04 12:00:00\",\"fieldTypeId\":3,\"pageSize\":null,\"pageNo\":null,\"fieldRawName\":null}]}]},{\"id\":10474,\"name\":\"高频注册，高频申请，申请次数[0,12]次\",\"rulesId\":1,\"decision\":\"\",\"threshold\":50,\"level\":2,\"conditionNumber\":4,\"describ\":null,\"active\":1,\"verify\":0,\"addUser\":\"北京集奥集合\",\"addTime\":1527651276000,\"conditionRelationship\":\"614&&613&&612&&611\",\"uniqueCode\":1,\"pageSize\":null,\"pageNo\":null,\"rulesName\":null,\"ruleCode\":\"10012\",\"conditionsList\":[{\"id\":611,\"name\":\"申请次数[0,12]次\",\"ruleId\":10474,\"rulesId\":1,\"fieldRelationship\":\"10865&&10866\",\"describ\":\"进件申请次数判断\",\"active\":1,\"verify\":1,\"addUser\":\"北京集奥集合\",\"addTime\":1527651276000,\"uniqueCode\":1,\"pageSize\":null,\"pageNo\":null,\"ruleName\":null,\"rulesName\":null,\"fieldList\":[{\"id\":10865,\"showName\":null,\"fieldId\":10280,\"fieldName\":\"TJXX_apptimes\",\"rulesId\":1,\"conditionId\":611,\"operator\":\">=\",\"describ\":\"进件申请次数\",\"active\":1,\"verify\":1,\"addUser\":\"北京集奥集合\",\"addTime\":1527651276000,\"value\":null,\"valueDesc\":null,\"uniqueCode\":1,\"fieldType\":\"int\",\"parameter\":\"0\",\"fieldTypeId\":1,\"pageSize\":null,\"pageNo\":null,\"fieldRawName\":null},{\"id\":10866,\"showName\":null,\"fieldId\":10280,\"fieldName\":\"TJXX_apptimes\",\"rulesId\":1,\"conditionId\":611,\"operator\":\"<=\",\"describ\":\"进件申请次数\",\"active\":1,\"verify\":1,\"addUser\":\"北京集奥集合\",\"addTime\":1527651276000,\"value\":null,\"valueDesc\":null,\"uniqueCode\":1,\"fieldType\":\"int\",\"parameter\":\"12\",\"fieldTypeId\":1,\"pageSize\":null,\"pageNo\":null,\"fieldRawName\":null}]},{\"id\":612,\"name\":\"两年注册次数-非银大于等于38次\",\"ruleId\":10474,\"rulesId\":1,\"fieldRelationship\":\"10867\",\"describ\":\"进件非银两年注册次数判断\",\"active\":1,\"verify\":1,\"addUser\":\"北京集奥集合\",\"addTime\":1527651276000,\"uniqueCode\":1,\"pageSize\":null,\"pageNo\":null,\"ruleName\":null,\"rulesName\":null,\"fieldList\":[{\"id\":10867,\"showName\":null,\"fieldId\":10312,\"fieldName\":\"TJXX_regtimes_nonbank\",\"rulesId\":1,\"conditionId\":612,\"operator\":\">=\",\"describ\":\"进件非银注册次数\",\"active\":1,\"verify\":1,\"addUser\":\"北京集奥集合\",\"addTime\":1527651276000,\"value\":null,\"valueDesc\":null,\"uniqueCode\":1,\"fieldType\":\"int\",\"parameter\":\"38\",\"fieldTypeId\":1,\"pageSize\":null,\"pageNo\":null,\"fieldRawName\":null}]},{\"id\":613,\"name\":\"最近注册时间-近180天大于等于105天\",\"ruleId\":10474,\"rulesId\":1,\"fieldRelationship\":\"10868\",\"describ\":\"进件近180天最近注册时间\",\"active\":1,\"verify\":1,\"addUser\":\"北京集奥集合\",\"addTime\":1527651276000,\"uniqueCode\":1,\"pageSize\":null,\"pageNo\":null,\"ruleName\":null,\"rulesName\":null,\"fieldList\":[{\"id\":10868,\"showName\":null,\"fieldId\":10170,\"fieldName\":\"TJXX_180d_reglasttime\",\"rulesId\":1,\"conditionId\":613,\"operator\":\"<=\",\"describ\":\"进件最近注册时间\",\"active\":1,\"verify\":1,\"addUser\":\"北京集奥集合\",\"addTime\":1527651276000,\"value\":null,\"valueDesc\":null,\"uniqueCode\":1,\"fieldType\":\"datetime\",\"parameter\":\"2018-01-09 12:00:00\",\"fieldTypeId\":3,\"pageSize\":null,\"pageNo\":null,\"fieldRawName\":null}]},{\"id\":614,\"name\":\"最近放款时间-近180天大于等于140\",\"ruleId\":10474,\"rulesId\":1,\"fieldRelationship\":\"10869\",\"describ\":\"进件近180天最近放款时间判断\",\"active\":1,\"verify\":1,\"addUser\":\"北京集奥集合\",\"addTime\":1527661709000,\"uniqueCode\":1,\"pageSize\":null,\"pageNo\":null,\"ruleName\":null,\"rulesName\":null,\"fieldList\":[{\"id\":10869,\"showName\":null,\"fieldId\":10181,\"fieldName\":\"TJXX_180d_loanlasttime\",\"rulesId\":1,\"conditionId\":614,\"operator\":\"<=\",\"describ\":\"进件最近放款时间\",\"active\":1,\"verify\":1,\"addUser\":\"北京集奥集合\",\"addTime\":1527651276000,\"value\":null,\"valueDesc\":null,\"uniqueCode\":1,\"fieldType\":\"datetime\",\"parameter\":\"2017-12-04 12:00:00\",\"fieldTypeId\":3,\"pageSize\":null,\"pageNo\":null,\"fieldRawName\":null}]}]},{\"id\":10475,\"name\":\"高频注册，高频申请，申请次数[13,19]次\",\"rulesId\":1,\"decision\":\"\",\"threshold\":50,\"level\":2,\"conditionNumber\":4,\"describ\":null,\"active\":1,\"verify\":0,\"addUser\":\"北京集奥集合\",\"addTime\":1527651276000,\"conditionRelationship\":\"618&&617&&616&&615\",\"uniqueCode\":1,\"pageSize\":null,\"pageNo\":null,\"rulesName\":null,\"ruleCode\":\"10013\",\"conditionsList\":[{\"id\":615,\"name\":\"两年注册次数-非银大于等于38次\",\"ruleId\":10475,\"rulesId\":1,\"fieldRelationship\":\"10870\",\"describ\":\"进件非银两年注册次数判断\",\"active\":1,\"verify\":1,\"addUser\":\"北京集奥集合\",\"addTime\":1527651276000,\"uniqueCode\":1,\"pageSize\":null,\"pageNo\":null,\"ruleName\":null,\"rulesName\":null,\"fieldList\":[{\"id\":10870,\"showName\":null,\"fieldId\":10312,\"fieldName\":\"TJXX_regtimes_nonbank\",\"rulesId\":1,\"conditionId\":615,\"operator\":\">=\",\"describ\":\"进件注册次数\",\"active\":1,\"verify\":1,\"addUser\":\"北京集奥集合\",\"addTime\":1527651276000,\"value\":null,\"valueDesc\":null,\"uniqueCode\":1,\"fieldType\":\"int\",\"parameter\":\"38\",\"fieldTypeId\":1,\"pageSize\":null,\"pageNo\":null,\"fieldRawName\":null}]},{\"id\":616,\"name\":\"最近注册时间-近180天大于等于105天\",\"ruleId\":10475,\"rulesId\":1,\"fieldRelationship\":\"10871\",\"describ\":\"进件近180天最近注册时间判断\",\"active\":1,\"verify\":1,\"addUser\":\"北京集奥集合\",\"addTime\":1527651276000,\"uniqueCode\":1,\"pageSize\":null,\"pageNo\":null,\"ruleName\":null,\"rulesName\":null,\"fieldList\":[{\"id\":10871,\"showName\":null,\"fieldId\":10170,\"fieldName\":\"TJXX_180d_reglasttime\",\"rulesId\":1,\"conditionId\":616,\"operator\":\"<=\",\"describ\":\"进件最近注册时间\",\"active\":1,\"verify\":1,\"addUser\":\"北京集奥集合\",\"addTime\":1527651276000,\"value\":null,\"valueDesc\":null,\"uniqueCode\":1,\"fieldType\":\"datetime\",\"parameter\":\"2018-01-09 12:00:00\",\"fieldTypeId\":3,\"pageSize\":null,\"pageNo\":null,\"fieldRawName\":null}]},{\"id\":617,\"name\":\"最近放款时间-近180天大于等于140\",\"ruleId\":10475,\"rulesId\":1,\"fieldRelationship\":\"10872\",\"describ\":\"进件近180天最近放款时间\",\"active\":1,\"verify\":1,\"addUser\":\"北京集奥集合\",\"addTime\":1527651276000,\"uniqueCode\":1,\"pageSize\":null,\"pageNo\":null,\"ruleName\":null,\"rulesName\":null,\"fieldList\":[{\"id\":10872,\"showName\":null,\"fieldId\":10181,\"fieldName\":\"TJXX_180d_loanlasttime\",\"rulesId\":1,\"conditionId\":617,\"operator\":\"<=\",\"describ\":\"进件最近放款时间\",\"active\":1,\"verify\":1,\"addUser\":\"北京集奥集合\",\"addTime\":1527651276000,\"value\":null,\"valueDesc\":null,\"uniqueCode\":1,\"fieldType\":\"datetime\",\"parameter\":\"2017-12-04 12:00:00\",\"fieldTypeId\":3,\"pageSize\":null,\"pageNo\":null,\"fieldRawName\":null}]},{\"id\":618,\"name\":\"申请次数[13,19]次\",\"ruleId\":10475,\"rulesId\":1,\"fieldRelationship\":\"10873&&10874\",\"describ\":\"进件申请次数判断\",\"active\":1,\"verify\":1,\"addUser\":\"北京集奥集合\",\"addTime\":1527651276000,\"uniqueCode\":1,\"pageSize\":null,\"pageNo\":null,\"ruleName\":null,\"rulesName\":null,\"fieldList\":[{\"id\":10873,\"showName\":null,\"fieldId\":10280,\"fieldName\":\"TJXX_apptimes\",\"rulesId\":1,\"conditionId\":618,\"operator\":\">=\",\"describ\":\"进件申请次数\",\"active\":1,\"verify\":1,\"addUser\":\"北京集奥集合\",\"addTime\":1527651276000,\"value\":null,\"valueDesc\":null,\"uniqueCode\":1,\"fieldType\":\"int\",\"parameter\":\"13\",\"fieldTypeId\":1,\"pageSize\":null,\"pageNo\":null,\"fieldRawName\":null},{\"id\":10874,\"showName\":null,\"fieldId\":10280,\"fieldName\":\"TJXX_apptimes\",\"rulesId\":1,\"conditionId\":618,\"operator\":\"<=\",\"describ\":\"进件申请次数\",\"active\":1,\"verify\":1,\"addUser\":\"北京集奥集合\",\"addTime\":1527651276000,\"value\":null,\"valueDesc\":null,\"uniqueCode\":1,\"fieldType\":\"int\",\"parameter\":\"19\",\"fieldTypeId\":1,\"pageSize\":null,\"pageNo\":null,\"fieldRawName\":null}]}]},{\"id\":10476,\"name\":\"高频注册，高频申请，申请次数大于等于20次\",\"rulesId\":1,\"decision\":\"\",\"threshold\":100,\"level\":3,\"conditionNumber\":4,\"describ\":null,\"active\":1,\"verify\":0,\"addUser\":\"北京集奥集合\",\"addTime\":1527651276000,\"conditionRelationship\":\"622&&621&&620&&619\",\"uniqueCode\":1,\"pageSize\":null,\"pageNo\":null,\"rulesName\":null,\"ruleCode\":\"10014\",\"conditionsList\":[{\"id\":619,\"name\":\"两年注册次数-非银大于等于38次\",\"ruleId\":10476,\"rulesId\":1,\"fieldRelationship\":\"10875\",\"describ\":\"进件非银两年注册次数判断\",\"active\":1,\"verify\":1,\"addUser\":\"北京集奥集合\",\"addTime\":1527651276000,\"uniqueCode\":1,\"pageSize\":null,\"pageNo\":null,\"ruleName\":null,\"rulesName\":null,\"fieldList\":[{\"id\":10875,\"showName\":null,\"fieldId\":10316,\"fieldName\":\"TJXX_apptimes_nonbank\",\"rulesId\":1,\"conditionId\":619,\"operator\":\">=\",\"describ\":\"进件两年注册次数\",\"active\":1,\"verify\":1,\"addUser\":\"北京集奥集合\",\"addTime\":1527651276000,\"value\":null,\"valueDesc\":null,\"uniqueCode\":1,\"fieldType\":\"int\",\"parameter\":\"38\",\"fieldTypeId\":1,\"pageSize\":null,\"pageNo\":null,\"fieldRawName\":null}]},{\"id\":620,\"name\":\"最近注册时间-近180天大于等于105天\",\"ruleId\":10476,\"rulesId\":1,\"fieldRelationship\":\"10876\",\"describ\":\"进件近180天最近注册时间判断\",\"active\":1,\"verify\":1,\"addUser\":\"北京集奥集合\",\"addTime\":1527651276000,\"uniqueCode\":1,\"pageSize\":null,\"pageNo\":null,\"ruleName\":null,\"rulesName\":null,\"fieldList\":[{\"id\":10876,\"showName\":null,\"fieldId\":10170,\"fieldName\":\"TJXX_180d_reglasttime\",\"rulesId\":1,\"conditionId\":620,\"operator\":\"<=\",\"describ\":\"进件最近注册时间\",\"active\":1,\"verify\":1,\"addUser\":\"北京集奥集合\",\"addTime\":1527651276000,\"value\":null,\"valueDesc\":null,\"uniqueCode\":1,\"fieldType\":\"datetime\",\"parameter\":\"2018-01-09 12:00:00\",\"fieldTypeId\":3,\"pageSize\":null,\"pageNo\":null,\"fieldRawName\":null}]},{\"id\":621,\"name\":\"最近放款时间-近180天大于等于140\",\"ruleId\":10476,\"rulesId\":1,\"fieldRelationship\":\"10877\",\"describ\":\"进件近180天最近放款时间判断\",\"active\":1,\"verify\":1,\"addUser\":\"北京集奥集合\",\"addTime\":1527651276000,\"uniqueCode\":1,\"pageSize\":null,\"pageNo\":null,\"ruleName\":null,\"rulesName\":null,\"fieldList\":[{\"id\":10877,\"showName\":null,\"fieldId\":10181,\"fieldName\":\"TJXX_180d_loanlasttime\",\"rulesId\":1,\"conditionId\":621,\"operator\":\"<=\",\"describ\":\"进件最近放款时间\",\"active\":1,\"verify\":1,\"addUser\":\"北京集奥集合\",\"addTime\":1527651276000,\"value\":null,\"valueDesc\":null,\"uniqueCode\":1,\"fieldType\":\"datetime\",\"parameter\":\"2017-12-04 12:00:00\",\"fieldTypeId\":3,\"pageSize\":null,\"pageNo\":null,\"fieldRawName\":null}]},{\"id\":622,\"name\":\"申请次数大于等于20次\",\"ruleId\":10476,\"rulesId\":1,\"fieldRelationship\":\"10878\",\"describ\":\"进件申请次数判断\",\"active\":1,\"verify\":1,\"addUser\":\"北京集奥集合\",\"addTime\":1527661678000,\"uniqueCode\":1,\"pageSize\":null,\"pageNo\":null,\"ruleName\":null,\"rulesName\":null,\"fieldList\":[{\"id\":10878,\"showName\":null,\"fieldId\":10280,\"fieldName\":\"TJXX_apptimes\",\"rulesId\":1,\"conditionId\":622,\"operator\":\">=\",\"describ\":\"进件申请次数\",\"active\":1,\"verify\":1,\"addUser\":\"北京集奥集合\",\"addTime\":1527661680000,\"value\":null,\"valueDesc\":null,\"uniqueCode\":1,\"fieldType\":\"int\",\"parameter\":\"20\",\"fieldTypeId\":1,\"pageSize\":null,\"pageNo\":null,\"fieldRawName\":null}]}]}],\"typeName\":null,\"sceneName\":null,\"whiteFilter\":null,\"blackFilter\":null,\"eventStatEntry\":null}',1,0,'北京集奥聚合','2018-05-30 14:38:33','多平台借贷行为甄别第二版',NULL,'v1.1.1','多平台借贷行为甄别'),
	(10006,'{\"id\":11,\"name\":\"反欺诈评分\",\"businessId\":10001,\"senceId\":10018,\"matchType\":0,\"threshold\":null,\"thresholdMin\":100,\"thresholdMax\":200,\"describ\":\"民生银行卡中心-欺诈分测试\",\"verify\":0,\"active\":0,\"addUser\":\"北京集奥集合\",\"addTime\":1527753909000,\"pageSize\":null,\"pageNo\":null,\"uniqueCode\":1,\"parameters\":{\"realName\":\"姓名\",\"idNumber\":\"身份证号\",\"cycle\":\"统计周期（单位天，可选，默认730天）\",\"cid\":\"手机号\"},\"ruleList\":[{\"id\":10537,\"name\":\"手机自然人接入号码个数大于2\",\"rulesId\":11,\"decision\":\"手机自然人接入号码个数大于2\",\"threshold\":4,\"level\":1,\"conditionNumber\":1,\"describ\":null,\"active\":1,\"verify\":0,\"addUser\":\"北京集奥集合\",\"addTime\":1527754165000,\"conditionRelationship\":\"686\",\"uniqueCode\":1,\"pageSize\":null,\"pageNo\":null,\"rulesName\":null,\"ruleCode\":\"100\",\"conditionsList\":[{\"id\":686,\"name\":\"手机自然人接入号码个数大于2\",\"ruleId\":10537,\"rulesId\":11,\"fieldRelationship\":\"10975\",\"describ\":\"手机自然人接入号码个数大于2\",\"active\":1,\"verify\":1,\"addUser\":\"北京集奥集合\",\"addTime\":1527757426000,\"uniqueCode\":1,\"pageSize\":null,\"pageNo\":null,\"ruleName\":null,\"rulesName\":null,\"fieldList\":[{\"id\":10975,\"showName\":null,\"fieldId\":10454,\"fieldName\":\"ownPhoneNumber\",\"rulesId\":11,\"conditionId\":686,\"operator\":\"==\",\"describ\":\"自然人拥有手机号码大于2个\",\"active\":1,\"verify\":1,\"addUser\":\"北京集奥集合\",\"addTime\":1527754897000,\"value\":null,\"valueDesc\":null,\"uniqueCode\":1,\"fieldType\":\"int\",\"parameter\":\"1\",\"fieldTypeId\":1,\"pageSize\":null,\"pageNo\":null,\"fieldRawName\":null}]}]},{\"id\":10538,\"name\":\"身份证与手机号验真不一致\",\"rulesId\":11,\"decision\":\"身份证与手机号二要素\",\"threshold\":8,\"level\":1,\"conditionNumber\":1,\"describ\":null,\"active\":1,\"verify\":0,\"addUser\":\"北京集奥集合\",\"addTime\":1527755015000,\"conditionRelationship\":\"687\",\"uniqueCode\":1,\"pageSize\":null,\"pageNo\":null,\"rulesName\":null,\"ruleCode\":\"2\",\"conditionsList\":[{\"id\":687,\"name\":\"身份证与手机号二要素验证不一致\",\"ruleId\":10538,\"rulesId\":11,\"fieldRelationship\":\"10976\",\"describ\":\"身份证与手机号二要素验证不一致\",\"active\":1,\"verify\":1,\"addUser\":\"北京集奥集合\",\"addTime\":1527755051000,\"uniqueCode\":1,\"pageSize\":null,\"pageNo\":null,\"ruleName\":null,\"rulesName\":null,\"fieldList\":[{\"id\":10976,\"showName\":null,\"fieldId\":10010,\"fieldName\":\"IdPhoneValidate\",\"rulesId\":11,\"conditionId\":687,\"operator\":\"==\",\"describ\":\"身份证与手机号二要素验证不一致\",\"active\":1,\"verify\":1,\"addUser\":\"北京集奥集合\",\"addTime\":1527755157000,\"value\":null,\"valueDesc\":null,\"uniqueCode\":1,\"fieldType\":\"string\",\"parameter\":\"1\",\"fieldTypeId\":2,\"pageSize\":null,\"pageNo\":null,\"fieldRawName\":null}]}]},{\"id\":10539,\"name\":\"手机在网时长小于3个月\",\"rulesId\":11,\"decision\":\"手机在网时长小于3个月\",\"threshold\":8,\"level\":1,\"conditionNumber\":1,\"describ\":null,\"active\":1,\"verify\":0,\"addUser\":\"北京集奥集合\",\"addTime\":1527755217000,\"conditionRelationship\":\"688\",\"uniqueCode\":1,\"pageSize\":null,\"pageNo\":null,\"rulesName\":null,\"ruleCode\":\"3\",\"conditionsList\":[{\"id\":688,\"name\":\"手机在网时长小于3个月\",\"ruleId\":10539,\"rulesId\":11,\"fieldRelationship\":\"10977\",\"describ\":\"手机在网时长小于3个月\",\"active\":1,\"verify\":1,\"addUser\":\"北京集奥集合\",\"addTime\":1527755231000,\"uniqueCode\":1,\"pageSize\":null,\"pageNo\":null,\"ruleName\":null,\"rulesName\":null,\"fieldList\":[{\"id\":10977,\"showName\":null,\"fieldId\":10004,\"fieldName\":\"onlineTime\",\"rulesId\":11,\"conditionId\":688,\"operator\":\"==\",\"describ\":\"手机在网时长小于3个月\",\"active\":1,\"verify\":1,\"addUser\":\"北京集奥集合\",\"addTime\":1527755290000,\"value\":null,\"valueDesc\":null,\"uniqueCode\":1,\"fieldType\":\"string\",\"parameter\":\"03\",\"fieldTypeId\":2,\"pageSize\":null,\"pageNo\":null,\"fieldRawName\":null}]}]},{\"id\":10540,\"name\":\"手机在网状态是不在网或不可用或销号停机\",\"rulesId\":11,\"decision\":\"手机在网状态是不在网或不可用或销号停机\",\"threshold\":8,\"level\":1,\"conditionNumber\":1,\"describ\":null,\"active\":1,\"verify\":0,\"addUser\":\"北京集奥集合\",\"addTime\":1527755379000,\"conditionRelationship\":\"689\",\"uniqueCode\":1,\"pageSize\":null,\"pageNo\":null,\"rulesName\":null,\"ruleCode\":\"4\",\"conditionsList\":[{\"id\":689,\"name\":\"手机在网状态是不在网或不可用或销号停机\",\"ruleId\":10540,\"rulesId\":11,\"fieldRelationship\":\"10978\",\"describ\":\"手机在网状态是不在网或不可用或销号停机\",\"active\":1,\"verify\":1,\"addUser\":\"北京集奥集合\",\"addTime\":1527755403000,\"uniqueCode\":1,\"pageSize\":null,\"pageNo\":null,\"ruleName\":null,\"rulesName\":null,\"fieldList\":[{\"id\":10978,\"showName\":null,\"fieldId\":10005,\"fieldName\":\"onlineStatus\",\"rulesId\":11,\"conditionId\":689,\"operator\":\"!=\",\"describ\":\"手机在网状态是不在网或不可用或销号停机\",\"active\":1,\"verify\":1,\"addUser\":\"北京集奥集合\",\"addTime\":1527755464000,\"value\":null,\"valueDesc\":null,\"uniqueCode\":1,\"fieldType\":\"string\",\"parameter\":\"0\",\"fieldTypeId\":2,\"pageSize\":null,\"pageNo\":null,\"fieldRawName\":null}]}]},{\"id\":10541,\"name\":\"手机号最近三个月停机次数高于3次\",\"rulesId\":11,\"decision\":\"手机号最近三个月停机次数高于3次\",\"threshold\":4,\"level\":1,\"conditionNumber\":1,\"describ\":null,\"active\":1,\"verify\":0,\"addUser\":\"北京集奥集合\",\"addTime\":1527755518000,\"conditionRelationship\":\"690\",\"uniqueCode\":1,\"pageSize\":null,\"pageNo\":null,\"rulesName\":null,\"ruleCode\":\"5\",\"conditionsList\":[{\"id\":690,\"name\":\"手机号最近三个月停机次数高于3次\",\"ruleId\":10541,\"rulesId\":11,\"fieldRelationship\":\"10979||10980\",\"describ\":\"手机号最近三个月停机次数高于3次\",\"active\":1,\"verify\":1,\"addUser\":\"北京集奥集合\",\"addTime\":1527755556000,\"uniqueCode\":1,\"pageSize\":null,\"pageNo\":null,\"ruleName\":null,\"rulesName\":null,\"fieldList\":[{\"id\":10979,\"showName\":null,\"fieldId\":10007,\"fieldName\":\"outOfServiceTimes\",\"rulesId\":11,\"conditionId\":690,\"operator\":\"==\",\"describ\":\"手机号最近三个月停机次数高于3次\",\"active\":1,\"verify\":1,\"addUser\":\"北京集奥集合\",\"addTime\":1527755652000,\"value\":null,\"valueDesc\":null,\"uniqueCode\":1,\"fieldType\":\"int\",\"parameter\":\"2\",\"fieldTypeId\":1,\"pageSize\":null,\"pageNo\":null,\"fieldRawName\":null},{\"id\":10980,\"showName\":null,\"fieldId\":10007,\"fieldName\":\"outOfServiceTimes\",\"rulesId\":11,\"conditionId\":690,\"operator\":\"==\",\"describ\":\"手机号最近三个月停机次数高于3次\",\"active\":1,\"verify\":1,\"addUser\":\"北京集奥集合\",\"addTime\":1527755652000,\"value\":null,\"valueDesc\":null,\"uniqueCode\":1,\"fieldType\":\"int\",\"parameter\":\"3\",\"fieldTypeId\":1,\"pageSize\":null,\"pageNo\":null,\"fieldRawName\":null}]}]},{\"id\":10542,\"name\":\"手机消费档次低（移动小于50，联通小于80，电信小于50）\",\"rulesId\":11,\"decision\":\"手机消费档次低（移动小于50，联通小于80，电信小于50）\",\"threshold\":4,\"level\":1,\"conditionNumber\":1,\"describ\":null,\"active\":1,\"verify\":0,\"addUser\":\"北京集奥集合\",\"addTime\":1527755912000,\"conditionRelationship\":\"691\",\"uniqueCode\":1,\"pageSize\":null,\"pageNo\":null,\"rulesName\":null,\"ruleCode\":\"6\",\"conditionsList\":[{\"id\":691,\"name\":\"手机消费档次不高（移动小于50，联通小于80，电信小于50）\",\"ruleId\":10542,\"rulesId\":11,\"fieldRelationship\":\"10981||10982||10983||10984||10985||10986||10987||10988\",\"describ\":\"手机消费档次不高（移动小于50，联通小于80，电信小于50）\",\"active\":1,\"verify\":1,\"addUser\":\"北京集奥集合\",\"addTime\":1527757439000,\"uniqueCode\":1,\"pageSize\":null,\"pageNo\":null,\"ruleName\":null,\"rulesName\":null,\"fieldList\":[{\"id\":10981,\"showName\":null,\"fieldId\":10457,\"fieldName\":\"consumerGrade\",\"rulesId\":11,\"conditionId\":691,\"operator\":\"==\",\"describ\":\"手机消费档次低\",\"active\":1,\"verify\":1,\"addUser\":\"北京集奥集合\",\"addTime\":1527757606000,\"value\":null,\"valueDesc\":null,\"uniqueCode\":1,\"fieldType\":\"string\",\"parameter\":\"0\",\"fieldTypeId\":2,\"pageSize\":null,\"pageNo\":null,\"fieldRawName\":null},{\"id\":10982,\"showName\":null,\"fieldId\":10457,\"fieldName\":\"consumerGrade\",\"rulesId\":11,\"conditionId\":691,\"operator\":\"==\",\"describ\":\"手机消费档次低\",\"active\":1,\"verify\":1,\"addUser\":\"北京集奥集合\",\"addTime\":1527757606000,\"value\":null,\"valueDesc\":null,\"uniqueCode\":1,\"fieldType\":\"string\",\"parameter\":\"1\",\"fieldTypeId\":2,\"pageSize\":null,\"pageNo\":null,\"fieldRawName\":null},{\"id\":10983,\"showName\":null,\"fieldId\":10457,\"fieldName\":\"consumerGrade\",\"rulesId\":11,\"conditionId\":691,\"operator\":\"==\",\"describ\":\"手机消费档次低\",\"active\":1,\"verify\":1,\"addUser\":\"北京集奥集合\",\"addTime\":1527757606000,\"value\":null,\"valueDesc\":null,\"uniqueCode\":1,\"fieldType\":\"string\",\"parameter\":\"101\",\"fieldTypeId\":2,\"pageSize\":null,\"pageNo\":null,\"fieldRawName\":null},{\"id\":10984,\"showName\":null,\"fieldId\":10457,\"fieldName\":\"consumerGrade\",\"rulesId\":11,\"conditionId\":691,\"operator\":\"==\",\"describ\":\"手机消费档次低\",\"active\":1,\"verify\":1,\"addUser\":\"北京集奥集合\",\"addTime\":1527757606000,\"value\":null,\"valueDesc\":null,\"uniqueCode\":1,\"fieldType\":\"string\",\"parameter\":\"001\",\"fieldTypeId\":2,\"pageSize\":null,\"pageNo\":null,\"fieldRawName\":null},{\"id\":10985,\"showName\":null,\"fieldId\":10457,\"fieldName\":\"consumerGrade\",\"rulesId\":11,\"conditionId\":691,\"operator\":\"==\",\"describ\":\"手机消费档次低\",\"active\":1,\"verify\":1,\"addUser\":\"北京集奥集合\",\"addTime\":1527757606000,\"value\":null,\"valueDesc\":null,\"uniqueCode\":1,\"fieldType\":\"string\",\"parameter\":\"002\",\"fieldTypeId\":2,\"pageSize\":null,\"pageNo\":null,\"fieldRawName\":null},{\"id\":10986,\"showName\":null,\"fieldId\":10457,\"fieldName\":\"consumerGrade\",\"rulesId\":11,\"conditionId\":691,\"operator\":\"==\",\"describ\":\"手机消费档次低\",\"active\":1,\"verify\":1,\"addUser\":\"北京集奥集合\",\"addTime\":1527757606000,\"value\":null,\"valueDesc\":null,\"uniqueCode\":1,\"fieldType\":\"string\",\"parameter\":\"010\",\"fieldTypeId\":2,\"pageSize\":null,\"pageNo\":null,\"fieldRawName\":null},{\"id\":10987,\"showName\":null,\"fieldId\":10457,\"fieldName\":\"consumerGrade\",\"rulesId\":11,\"conditionId\":691,\"operator\":\"==\",\"describ\":\"手机消费档次低\",\"active\":1,\"verify\":1,\"addUser\":\"北京集奥集合\",\"addTime\":1527757606000,\"value\":null,\"valueDesc\":null,\"uniqueCode\":1,\"fieldType\":\"string\",\"parameter\":\"011\",\"fieldTypeId\":2,\"pageSize\":null,\"pageNo\":null,\"fieldRawName\":null},{\"id\":10988,\"showName\":null,\"fieldId\":10457,\"fieldName\":\"consumerGrade\",\"rulesId\":11,\"conditionId\":691,\"operator\":\"==\",\"describ\":\"手机消费档次低\",\"active\":1,\"verify\":1,\"addUser\":\"北京集奥集合\",\"addTime\":1527757606000,\"value\":null,\"valueDesc\":null,\"uniqueCode\":1,\"fieldType\":\"string\",\"parameter\":\"01\",\"fieldTypeId\":2,\"pageSize\":null,\"pageNo\":null,\"fieldRawName\":null}]}]},{\"id\":10543,\"name\":\"关注则名单-欺诈累计出现次数大于1\",\"rulesId\":11,\"decision\":\"关注则名单-欺诈累计出现次数大于1\",\"threshold\":5,\"level\":1,\"conditionNumber\":1,\"describ\":null,\"active\":1,\"verify\":0,\"addUser\":\"北京集奥集合\",\"addTime\":1527757791000,\"conditionRelationship\":\"692\",\"uniqueCode\":1,\"pageSize\":null,\"pageNo\":null,\"rulesName\":null,\"ruleCode\":\"7\",\"conditionsList\":[{\"id\":692,\"name\":\"关注则名单-欺诈累计出现次数大于1\",\"ruleId\":10543,\"rulesId\":11,\"fieldRelationship\":\"10989\",\"describ\":\"关注则名单-欺诈累计出现次数大于1\",\"active\":1,\"verify\":1,\"addUser\":\"北京集奥集合\",\"addTime\":1527757805000,\"uniqueCode\":1,\"pageSize\":null,\"pageNo\":null,\"ruleName\":null,\"rulesName\":null,\"fieldList\":[{\"id\":10989,\"showName\":null,\"fieldId\":10022,\"fieldName\":\"result_QZ_LJCS\",\"rulesId\":11,\"conditionId\":692,\"operator\":\"notnull\",\"describ\":\"关注则名单-欺诈累计出现次数大于1\",\"active\":1,\"verify\":1,\"addUser\":\"北京集奥集合\",\"addTime\":1527757963000,\"value\":null,\"valueDesc\":null,\"uniqueCode\":1,\"fieldType\":\"string\",\"parameter\":\"notnull\",\"fieldTypeId\":2,\"pageSize\":null,\"pageNo\":null,\"fieldRawName\":null}]}]},{\"id\":10544,\"name\":\"关注者名单-法院失信大于1次\",\"rulesId\":11,\"decision\":\"关注者名单-法院失信大于1次\",\"threshold\":5,\"level\":1,\"conditionNumber\":1,\"describ\":null,\"active\":1,\"verify\":0,\"addUser\":\"北京集奥集合\",\"addTime\":1527758109000,\"conditionRelationship\":\"693\",\"uniqueCode\":1,\"pageSize\":null,\"pageNo\":null,\"rulesName\":null,\"ruleCode\":\"8\",\"conditionsList\":[{\"id\":693,\"name\":\"关注者名单-法院失信大于1次\",\"ruleId\":10544,\"rulesId\":11,\"fieldRelationship\":\"10990\",\"describ\":\"关注者名单-法院失信大于1次\",\"active\":1,\"verify\":1,\"addUser\":\"北京集奥集合\",\"addTime\":1527758118000,\"uniqueCode\":1,\"pageSize\":null,\"pageNo\":null,\"ruleName\":null,\"rulesName\":null,\"fieldList\":[{\"id\":10990,\"showName\":null,\"fieldId\":10021,\"fieldName\":\"result_SX_LJCS\",\"rulesId\":11,\"conditionId\":693,\"operator\":\"notnull\",\"describ\":\"关注者名单-法院失信大于1次\",\"active\":1,\"verify\":1,\"addUser\":\"北京集奥集合\",\"addTime\":1527758162000,\"value\":null,\"valueDesc\":null,\"uniqueCode\":1,\"fieldType\":\"string\",\"parameter\":\"notnull\",\"fieldTypeId\":2,\"pageSize\":null,\"pageNo\":null,\"fieldRawName\":null}]}]},{\"id\":10545,\"name\":\"关注者名单-当前逾期金额大于1万\",\"rulesId\":11,\"decision\":\"关注者名单-当前逾期金额大于1万\",\"threshold\":5,\"level\":1,\"conditionNumber\":1,\"describ\":null,\"active\":1,\"verify\":0,\"addUser\":\"北京集奥集合\",\"addTime\":1527758473000,\"conditionRelationship\":\"694\",\"uniqueCode\":1,\"pageSize\":null,\"pageNo\":null,\"rulesName\":null,\"ruleCode\":\"9\",\"conditionsList\":[{\"id\":694,\"name\":\"关注者名单-当前逾期金额大于1万\",\"ruleId\":10545,\"rulesId\":11,\"fieldRelationship\":\"10991||10992||10993||10994\",\"describ\":\"关注者名单-当前逾期金额大于1万\",\"active\":1,\"verify\":1,\"addUser\":\"北京集奥集合\",\"addTime\":1527758483000,\"uniqueCode\":1,\"pageSize\":null,\"pageNo\":null,\"ruleName\":null,\"rulesName\":null,\"fieldList\":[{\"id\":10991,\"showName\":null,\"fieldId\":10031,\"fieldName\":\"result_YQ_DQJE\",\"rulesId\":11,\"conditionId\":694,\"operator\":\"==\",\"describ\":\"关注者名单-当前逾期金额大于1万\",\"active\":1,\"verify\":1,\"addUser\":\"北京集奥集合\",\"addTime\":1527758588000,\"value\":null,\"valueDesc\":null,\"uniqueCode\":1,\"fieldType\":\"string\",\"parameter\":\"1-3\",\"fieldTypeId\":2,\"pageSize\":null,\"pageNo\":null,\"fieldRawName\":null},{\"id\":10992,\"showName\":null,\"fieldId\":10031,\"fieldName\":\"result_YQ_DQJE\",\"rulesId\":11,\"conditionId\":694,\"operator\":\"==\",\"describ\":\"关注者名单-当前逾期金额大于1万\",\"active\":1,\"verify\":1,\"addUser\":\"北京集奥集合\",\"addTime\":1527758588000,\"value\":null,\"valueDesc\":null,\"uniqueCode\":1,\"fieldType\":\"string\",\"parameter\":\"3-5\",\"fieldTypeId\":2,\"pageSize\":null,\"pageNo\":null,\"fieldRawName\":null},{\"id\":10993,\"showName\":null,\"fieldId\":10031,\"fieldName\":\"result_YQ_DQJE\",\"rulesId\":11,\"conditionId\":694,\"operator\":\"==\",\"describ\":\"关注者名单-当前逾期金额大于1万\",\"active\":1,\"verify\":1,\"addUser\":\"北京集奥集合\",\"addTime\":1527758588000,\"value\":null,\"valueDesc\":null,\"uniqueCode\":1,\"fieldType\":\"string\",\"parameter\":\"5-10\",\"fieldTypeId\":2,\"pageSize\":null,\"pageNo\":null,\"fieldRawName\":null},{\"id\":10994,\"showName\":null,\"fieldId\":10031,\"fieldName\":\"result_YQ_DQJE\",\"rulesId\":11,\"conditionId\":694,\"operator\":\"==\",\"describ\":\"关注者名单-当前逾期金额大于1万\",\"active\":1,\"verify\":1,\"addUser\":\"北京集奥集合\",\"addTime\":1527758588000,\"value\":null,\"valueDesc\":null,\"uniqueCode\":1,\"fieldType\":\"string\",\"parameter\":\"10+\",\"fieldTypeId\":2,\"pageSize\":null,\"pageNo\":null,\"fieldRawName\":null}]}]},{\"id\":10546,\"name\":\"关注者名单-逾期金额大于等于M1\",\"rulesId\":11,\"decision\":\"关注者名单-逾期时长大于等于M1\",\"threshold\":5,\"level\":1,\"conditionNumber\":1,\"describ\":null,\"active\":1,\"verify\":0,\"addUser\":\"北京集奥集合\",\"addTime\":1527758658000,\"conditionRelationship\":\"695\",\"uniqueCode\":1,\"pageSize\":null,\"pageNo\":null,\"rulesName\":null,\"ruleCode\":\"10\",\"conditionsList\":[{\"id\":695,\"name\":\"关注名单-逾期时长大于等于M1\",\"ruleId\":10546,\"rulesId\":11,\"fieldRelationship\":\"10995&&10996\",\"describ\":\"关注名单-逾期时长大于等于M1\",\"active\":1,\"verify\":1,\"addUser\":\"北京集奥集合\",\"addTime\":1527758702000,\"uniqueCode\":1,\"pageSize\":null,\"pageNo\":null,\"ruleName\":null,\"rulesName\":null,\"fieldList\":[{\"id\":10995,\"showName\":null,\"fieldId\":10029,\"fieldName\":\"result_YQ_DQSC\",\"rulesId\":11,\"conditionId\":695,\"operator\":\"!=\",\"describ\":\"关注名单-逾期时长大于等于M1\",\"active\":1,\"verify\":1,\"addUser\":\"北京集奥集合\",\"addTime\":1527758780000,\"value\":null,\"valueDesc\":null,\"uniqueCode\":1,\"fieldType\":\"string\",\"parameter\":\"M0\",\"fieldTypeId\":2,\"pageSize\":null,\"pageNo\":null,\"fieldRawName\":null},{\"id\":10996,\"showName\":null,\"fieldId\":10029,\"fieldName\":\"result_YQ_DQSC\",\"rulesId\":11,\"conditionId\":695,\"operator\":\"notnull\",\"describ\":\"关注名单-逾期时长大于等于M1\",\"active\":1,\"verify\":1,\"addUser\":\"北京集奥集合\",\"addTime\":1527758780000,\"value\":null,\"valueDesc\":null,\"uniqueCode\":1,\"fieldType\":\"string\",\"parameter\":\"notnull\",\"fieldTypeId\":2,\"pageSize\":null,\"pageNo\":null,\"fieldRawName\":null}]}]},{\"id\":10547,\"name\":\"个人涉诉信息-存在\",\"rulesId\":11,\"decision\":\"个人涉诉信息-存在\",\"threshold\":5,\"level\":1,\"conditionNumber\":1,\"describ\":null,\"active\":1,\"verify\":0,\"addUser\":\"北京集奥集合\",\"addTime\":1527759651000,\"conditionRelationship\":\"696\",\"uniqueCode\":1,\"pageSize\":null,\"pageNo\":null,\"rulesName\":null,\"ruleCode\":\"11\",\"conditionsList\":[{\"id\":696,\"name\":\"个人涉诉信息-存在\",\"ruleId\":10547,\"rulesId\":11,\"fieldRelationship\":\"10997\",\"describ\":\"个人涉诉信息-存在\",\"active\":1,\"verify\":1,\"addUser\":\"北京集奥集合\",\"addTime\":1527759793000,\"uniqueCode\":1,\"pageSize\":null,\"pageNo\":null,\"ruleName\":null,\"rulesName\":null,\"fieldList\":[{\"id\":10997,\"showName\":null,\"fieldId\":10472,\"fieldName\":\"cpws_caseNo\",\"rulesId\":11,\"conditionId\":696,\"operator\":\"notnull\",\"describ\":\"个人涉诉信息-存在\",\"active\":1,\"verify\":1,\"addUser\":\"北京集奥集合\",\"addTime\":1527759853000,\"value\":null,\"valueDesc\":null,\"uniqueCode\":1,\"fieldType\":\"string\",\"parameter\":\"notnull\",\"fieldTypeId\":2,\"pageSize\":null,\"pageNo\":null,\"fieldRawName\":null}]}]},{\"id\":10548,\"name\":\"多头规则一\",\"rulesId\":11,\"decision\":\"多头规则一\",\"threshold\":10,\"level\":1,\"conditionNumber\":4,\"describ\":null,\"active\":1,\"verify\":0,\"addUser\":\"北京集奥集合\",\"addTime\":1527759905000,\"conditionRelationship\":\"700&&699&&697&&698\",\"uniqueCode\":1,\"pageSize\":null,\"pageNo\":null,\"rulesName\":null,\"ruleCode\":\"12\",\"conditionsList\":[{\"id\":697,\"name\":\"最近注册时间-近180天大于等于103天；\",\"ruleId\":10548,\"rulesId\":11,\"fieldRelationship\":\"11000\",\"describ\":\"最近注册时间-近180天大于等于103天；\",\"active\":1,\"verify\":1,\"addUser\":\"北京集奥集合\",\"addTime\":1527760906000,\"uniqueCode\":1,\"pageSize\":null,\"pageNo\":null,\"ruleName\":null,\"rulesName\":null,\"fieldList\":[{\"id\":11000,\"showName\":null,\"fieldId\":10206,\"fieldName\":\"TJXX_180d_reglasttime_nonbank\",\"rulesId\":11,\"conditionId\":697,\"operator\":\"->=\",\"describ\":\"最近注册时间-近180天大于等于103天；\",\"active\":1,\"verify\":1,\"addUser\":\"北京集奥集合\",\"addTime\":1527760957000,\"value\":null,\"valueDesc\":null,\"uniqueCode\":1,\"fieldType\":\"datetime\",\"parameter\":\"103\",\"fieldTypeId\":3,\"pageSize\":null,\"pageNo\":null,\"fieldRawName\":null}]},{\"id\":698,\"name\":\"两年注册次数-非银介于[20,37]次；\",\"ruleId\":10548,\"rulesId\":11,\"fieldRelationship\":\"10998&&10999\",\"describ\":\"两年注册次数-非银介于[20,37]次；\",\"active\":1,\"verify\":1,\"addUser\":\"北京集奥集合\",\"addTime\":1527760262000,\"uniqueCode\":1,\"pageSize\":null,\"pageNo\":null,\"ruleName\":null,\"rulesName\":null,\"fieldList\":[{\"id\":10998,\"showName\":null,\"fieldId\":10312,\"fieldName\":\"TJXX_regtimes_nonbank\",\"rulesId\":11,\"conditionId\":698,\"operator\":\">=\",\"describ\":\"两年注册次数-非银介于[20,37]次；\",\"active\":1,\"verify\":1,\"addUser\":\"北京集奥集合\",\"addTime\":1527760300000,\"value\":null,\"valueDesc\":null,\"uniqueCode\":1,\"fieldType\":\"int\",\"parameter\":\"20\",\"fieldTypeId\":1,\"pageSize\":null,\"pageNo\":null,\"fieldRawName\":null},{\"id\":10999,\"showName\":null,\"fieldId\":10312,\"fieldName\":\"TJXX_regtimes_nonbank\",\"rulesId\":11,\"conditionId\":698,\"operator\":\"<=\",\"describ\":\"两年注册次数-非银介于[20,37]次；\",\"active\":1,\"verify\":1,\"addUser\":\"北京集奥集合\",\"addTime\":1527760300000,\"value\":null,\"valueDesc\":null,\"uniqueCode\":1,\"fieldType\":\"int\",\"parameter\":\"37\",\"fieldTypeId\":1,\"pageSize\":null,\"pageNo\":null,\"fieldRawName\":null}]},{\"id\":699,\"name\":\"最近放款时间-近180天大于等于149\",\"ruleId\":10548,\"rulesId\":11,\"fieldRelationship\":\"11001\",\"describ\":\"最近放款时间-近180天大于等于149\",\"active\":1,\"verify\":1,\"addUser\":\"北京集奥集合\",\"addTime\":1527760979000,\"uniqueCode\":1,\"pageSize\":null,\"pageNo\":null,\"ruleName\":null,\"rulesName\":null,\"fieldList\":[{\"id\":11001,\"showName\":null,\"fieldId\":10217,\"fieldName\":\"TJXX_180d_loanlasttime_nonbank\",\"rulesId\":11,\"conditionId\":699,\"operator\":\"->=\",\"describ\":\"最近放款时间-近180天大于等于149\",\"active\":1,\"verify\":1,\"addUser\":\"北京集奥集合\",\"addTime\":1527761015000,\"value\":null,\"valueDesc\":null,\"uniqueCode\":1,\"fieldType\":\"datetime\",\"parameter\":\"149\",\"fieldTypeId\":3,\"pageSize\":null,\"pageNo\":null,\"fieldRawName\":null}]},{\"id\":700,\"name\":\"最近注册时间-银行银行介于[154,245]天\",\"ruleId\":10548,\"rulesId\":11,\"fieldRelationship\":\"11002&&11003\",\"describ\":\"最近注册时间-银行银行介于[154,245]天\",\"active\":1,\"verify\":1,\"addUser\":\"北京集奥集合\",\"addTime\":1527761044000,\"uniqueCode\":1,\"pageSize\":null,\"pageNo\":null,\"ruleName\":null,\"rulesName\":null,\"fieldList\":[{\"id\":11002,\"showName\":null,\"fieldId\":10296,\"fieldName\":\"TJXX_reglasttime_bank\",\"rulesId\":11,\"conditionId\":700,\"operator\":\"->=\",\"describ\":\"最近注册时间-银行银行介于[154,245]天\",\"active\":1,\"verify\":1,\"addUser\":\"北京集奥集合\",\"addTime\":1527761095000,\"value\":null,\"valueDesc\":null,\"uniqueCode\":1,\"fieldType\":\"datetime\",\"parameter\":\"154\",\"fieldTypeId\":3,\"pageSize\":null,\"pageNo\":null,\"fieldRawName\":null},{\"id\":11003,\"showName\":null,\"fieldId\":10296,\"fieldName\":\"TJXX_reglasttime_bank\",\"rulesId\":11,\"conditionId\":700,\"operator\":\"-<=\",\"describ\":\"最近注册时间-银行银行介于[154,245]天；\",\"active\":1,\"verify\":1,\"addUser\":\"北京集奥集合\",\"addTime\":1527761095000,\"value\":null,\"valueDesc\":null,\"uniqueCode\":1,\"fieldType\":\"datetime\",\"parameter\":\"245\",\"fieldTypeId\":3,\"pageSize\":null,\"pageNo\":null,\"fieldRawName\":null}]}]},{\"id\":10549,\"name\":\"多头规则二\",\"rulesId\":11,\"decision\":\"多头规则二\",\"threshold\":10,\"level\":1,\"conditionNumber\":4,\"describ\":null,\"active\":1,\"verify\":0,\"addUser\":\"北京集奥集合\",\"addTime\":1527761236000,\"conditionRelationship\":\"704&&703&&702&&701\",\"uniqueCode\":1,\"pageSize\":null,\"pageNo\":null,\"rulesName\":null,\"ruleCode\":\"13\",\"conditionsList\":[{\"id\":701,\"name\":\"两年注册次数-非银大于等于38次\",\"ruleId\":10549,\"rulesId\":11,\"fieldRelationship\":\"11004\",\"describ\":\"两年注册次数-非银大于等于38次\",\"active\":1,\"verify\":1,\"addUser\":\"北京集奥集合\",\"addTime\":1527761254000,\"uniqueCode\":1,\"pageSize\":null,\"pageNo\":null,\"ruleName\":null,\"rulesName\":null,\"fieldList\":[{\"id\":11004,\"showName\":null,\"fieldId\":10312,\"fieldName\":\"TJXX_regtimes_nonbank\",\"rulesId\":11,\"conditionId\":701,\"operator\":\">=\",\"describ\":\"两年注册次数-非银大于等于38次\",\"active\":1,\"verify\":1,\"addUser\":\"北京集奥集合\",\"addTime\":1527761367000,\"value\":null,\"valueDesc\":null,\"uniqueCode\":1,\"fieldType\":\"int\",\"parameter\":\"38\",\"fieldTypeId\":1,\"pageSize\":null,\"pageNo\":null,\"fieldRawName\":null}]},{\"id\":702,\"name\":\"最近注册时间-近180天大于等于104天\",\"ruleId\":10549,\"rulesId\":11,\"fieldRelationship\":\"11005\",\"describ\":\"最近注册时间-近180天大于等于104天\",\"active\":1,\"verify\":1,\"addUser\":\"北京集奥集合\",\"addTime\":1527765530000,\"uniqueCode\":1,\"pageSize\":null,\"pageNo\":null,\"ruleName\":null,\"rulesName\":null,\"fieldList\":[{\"id\":11005,\"showName\":null,\"fieldId\":10206,\"fieldName\":\"TJXX_180d_reglasttime_nonbank\",\"rulesId\":11,\"conditionId\":702,\"operator\":\"->=\",\"describ\":\"最近注册时间-近180天大于等于104天\",\"active\":1,\"verify\":1,\"addUser\":\"北京集奥集合\",\"addTime\":1527761423000,\"value\":null,\"valueDesc\":null,\"uniqueCode\":1,\"fieldType\":\"datetime\",\"parameter\":\"104\",\"fieldTypeId\":3,\"pageSize\":null,\"pageNo\":null,\"fieldRawName\":null}]},{\"id\":703,\"name\":\"最近放款时间-近180天介于[71,139]天\",\"ruleId\":10549,\"rulesId\":11,\"fieldRelationship\":\"11006&&11007\",\"describ\":\"最近放款时间-近180天介于[71,139]天\",\"active\":1,\"verify\":1,\"addUser\":\"北京集奥集合\",\"addTime\":1527765727000,\"uniqueCode\":1,\"pageSize\":null,\"pageNo\":null,\"ruleName\":null,\"rulesName\":null,\"fieldList\":[{\"id\":11006,\"showName\":null,\"fieldId\":10217,\"fieldName\":\"TJXX_180d_loanlasttime_nonbank\",\"rulesId\":11,\"conditionId\":703,\"operator\":\"-<=\",\"describ\":\"最近放款时间-近180天介于[71,139]天\",\"active\":1,\"verify\":1,\"addUser\":\"北京集奥集合\",\"addTime\":1527765758000,\"value\":null,\"valueDesc\":null,\"uniqueCode\":1,\"fieldType\":\"datetime\",\"parameter\":\"139\",\"fieldTypeId\":3,\"pageSize\":null,\"pageNo\":null,\"fieldRawName\":null},{\"id\":11007,\"showName\":null,\"fieldId\":10217,\"fieldName\":\"TJXX_180d_loanlasttime_nonbank\",\"rulesId\":11,\"conditionId\":703,\"operator\":\"->=\",\"describ\":\"最近放款时间-近180天介于[71,139]天\",\"active\":1,\"verify\":1,\"addUser\":\"北京集奥集合\",\"addTime\":1527765758000,\"value\":null,\"valueDesc\":null,\"uniqueCode\":1,\"fieldType\":\"datetime\",\"parameter\":\"71\",\"fieldTypeId\":3,\"pageSize\":null,\"pageNo\":null,\"fieldRawName\":null}]},{\"id\":704,\"name\":\"注册次数-非银-近180天大于等于13次\",\"ruleId\":10549,\"rulesId\":11,\"fieldRelationship\":\"11008\",\"describ\":\"注册次数-非银-近180天大于等于13次\",\"active\":1,\"verify\":1,\"addUser\":\"北京集奥集合\",\"addTime\":1527765837000,\"uniqueCode\":1,\"pageSize\":null,\"pageNo\":null,\"ruleName\":null,\"rulesName\":null,\"fieldList\":[{\"id\":11008,\"showName\":null,\"fieldId\":10204,\"fieldName\":\"TJXX_180d_regtimes_nonbank\",\"rulesId\":11,\"conditionId\":704,\"operator\":\">=\",\"describ\":\"注册次数-非银-近180天大于等于13次\",\"active\":1,\"verify\":1,\"addUser\":\"北京集奥集合\",\"addTime\":1527765891000,\"value\":null,\"valueDesc\":null,\"uniqueCode\":1,\"fieldType\":\"int\",\"parameter\":\"13\",\"fieldTypeId\":1,\"pageSize\":null,\"pageNo\":null,\"fieldRawName\":null}]}]},{\"id\":10550,\"name\":\"多头规则三\",\"rulesId\":11,\"decision\":\"多头规则三\",\"threshold\":8,\"level\":1,\"conditionNumber\":3,\"describ\":null,\"active\":1,\"verify\":0,\"addUser\":\"北京集奥集合\",\"addTime\":1527765996000,\"conditionRelationship\":\"705&&706&&707\",\"uniqueCode\":1,\"pageSize\":null,\"pageNo\":null,\"rulesName\":null,\"ruleCode\":\"14\",\"conditionsList\":[{\"id\":705,\"name\":\"两年注册次数-非银大于等于55次\",\"ruleId\":10550,\"rulesId\":11,\"fieldRelationship\":\"11009\",\"describ\":\"两年注册次数-非银大于等于55次\",\"active\":1,\"verify\":1,\"addUser\":\"北京集奥集合\",\"addTime\":1527766019000,\"uniqueCode\":1,\"pageSize\":null,\"pageNo\":null,\"ruleName\":null,\"rulesName\":null,\"fieldList\":[{\"id\":11009,\"showName\":null,\"fieldId\":10312,\"fieldName\":\"TJXX_regtimes_nonbank\",\"rulesId\":11,\"conditionId\":705,\"operator\":\">=\",\"describ\":\"两年注册次数-非银大于等于55次\",\"active\":1,\"verify\":1,\"addUser\":\"北京集奥集合\",\"addTime\":1527766046000,\"value\":null,\"valueDesc\":null,\"uniqueCode\":1,\"fieldType\":\"int\",\"parameter\":\"55\",\"fieldTypeId\":1,\"pageSize\":null,\"pageNo\":null,\"fieldRawName\":null}]},{\"id\":706,\"name\":\"最近注册时间-近180天介于[73,104]天\",\"ruleId\":10550,\"rulesId\":11,\"fieldRelationship\":\"11017&&11018\",\"describ\":\"最近注册时间-近180天介于[73,104]天\",\"active\":1,\"verify\":1,\"addUser\":\"北京集奥集合\",\"addTime\":1527769654000,\"uniqueCode\":1,\"pageSize\":null,\"pageNo\":null,\"ruleName\":null,\"rulesName\":null,\"fieldList\":[{\"id\":11017,\"showName\":null,\"fieldId\":10206,\"fieldName\":\"TJXX_180d_reglasttime_nonbank\",\"rulesId\":11,\"conditionId\":706,\"operator\":\"->=\",\"describ\":\"最近注册时间-近180天介于[73,104]天\",\"active\":1,\"verify\":1,\"addUser\":\"北京集奥集合\",\"addTime\":1527769730000,\"value\":null,\"valueDesc\":null,\"uniqueCode\":1,\"fieldType\":\"datetime\",\"parameter\":\"73\",\"fieldTypeId\":3,\"pageSize\":null,\"pageNo\":null,\"fieldRawName\":null},{\"id\":11018,\"showName\":null,\"fieldId\":10206,\"fieldName\":\"TJXX_180d_reglasttime_nonbank\",\"rulesId\":11,\"conditionId\":706,\"operator\":\"-<=\",\"describ\":\"最近注册时间-近180天介于[73,104]天\",\"active\":1,\"verify\":1,\"addUser\":\"北京集奥集合\",\"addTime\":1527769730000,\"value\":null,\"valueDesc\":null,\"uniqueCode\":1,\"fieldType\":\"datetime\",\"parameter\":\"104\",\"fieldTypeId\":3,\"pageSize\":null,\"pageNo\":null,\"fieldRawName\":null}]},{\"id\":707,\"name\":\"最近放款时间-近180天大于等于140\",\"ruleId\":10550,\"rulesId\":11,\"fieldRelationship\":\"11012\",\"describ\":\"最近放款时间-近180天大于等于140\",\"active\":1,\"verify\":1,\"addUser\":\"北京集奥集合\",\"addTime\":1527766158000,\"uniqueCode\":1,\"pageSize\":null,\"pageNo\":null,\"ruleName\":null,\"rulesName\":null,\"fieldList\":[{\"id\":11012,\"showName\":null,\"fieldId\":10217,\"fieldName\":\"TJXX_180d_loanlasttime_nonbank\",\"rulesId\":11,\"conditionId\":707,\"operator\":\"->=\",\"describ\":\"最近放款时间-近180天大于等于140\",\"active\":1,\"verify\":1,\"addUser\":\"北京集奥集合\",\"addTime\":1527766184000,\"value\":null,\"valueDesc\":null,\"uniqueCode\":1,\"fieldType\":\"datetime\",\"parameter\":\"140\",\"fieldTypeId\":3,\"pageSize\":null,\"pageNo\":null,\"fieldRawName\":null}]}]},{\"id\":10551,\"name\":\"多头规则四\",\"rulesId\":11,\"decision\":\"最近放款时间-近180天大于等于140\",\"threshold\":7,\"level\":1,\"conditionNumber\":4,\"describ\":null,\"active\":1,\"verify\":0,\"addUser\":\"北京集奥集合\",\"addTime\":1527766230000,\"conditionRelationship\":\"711&&710&&709&&708\",\"uniqueCode\":1,\"pageSize\":null,\"pageNo\":null,\"rulesName\":null,\"ruleCode\":\"14\",\"conditionsList\":[{\"id\":708,\"name\":\"两年注册次数-非银大于等于38次\",\"ruleId\":10551,\"rulesId\":11,\"fieldRelationship\":\"11013\",\"describ\":\"两年注册次数-非银大于等于38次\",\"active\":1,\"verify\":1,\"addUser\":\"北京集奥集合\",\"addTime\":1527766263000,\"uniqueCode\":1,\"pageSize\":null,\"pageNo\":null,\"ruleName\":null,\"rulesName\":null,\"fieldList\":[{\"id\":11013,\"showName\":null,\"fieldId\":10312,\"fieldName\":\"TJXX_regtimes_nonbank\",\"rulesId\":11,\"conditionId\":708,\"operator\":\">=\",\"describ\":\"两年注册次数-非银大于等于38次\",\"active\":1,\"verify\":1,\"addUser\":\"北京集奥集合\",\"addTime\":1527766289000,\"value\":null,\"valueDesc\":null,\"uniqueCode\":1,\"fieldType\":\"int\",\"parameter\":\"38\",\"fieldTypeId\":1,\"pageSize\":null,\"pageNo\":null,\"fieldRawName\":null}]},{\"id\":709,\"name\":\"最近注册时间-近180天大于等于105天\",\"ruleId\":10551,\"rulesId\":11,\"fieldRelationship\":\"11014\",\"describ\":\"最近注册时间-近180天大于等于105天\",\"active\":1,\"verify\":1,\"addUser\":\"北京集奥集合\",\"addTime\":1527766310000,\"uniqueCode\":1,\"pageSize\":null,\"pageNo\":null,\"ruleName\":null,\"rulesName\":null,\"fieldList\":[{\"id\":11014,\"showName\":null,\"fieldId\":10206,\"fieldName\":\"TJXX_180d_reglasttime_nonbank\",\"rulesId\":11,\"conditionId\":709,\"operator\":\"->=\",\"describ\":\"最近注册时间-近180天大于等于105天\",\"active\":1,\"verify\":1,\"addUser\":\"北京集奥集合\",\"addTime\":1527766337000,\"value\":null,\"valueDesc\":null,\"uniqueCode\":1,\"fieldType\":\"datetime\",\"parameter\":\"105\",\"fieldTypeId\":3,\"pageSize\":null,\"pageNo\":null,\"fieldRawName\":null}]},{\"id\":710,\"name\":\"最近放款时间-近180天大于等于140\",\"ruleId\":10551,\"rulesId\":11,\"fieldRelationship\":\"11015\",\"describ\":\"最近放款时间-近180天大于等于140\",\"active\":1,\"verify\":1,\"addUser\":\"北京集奥集合\",\"addTime\":1527766363000,\"uniqueCode\":1,\"pageSize\":null,\"pageNo\":null,\"ruleName\":null,\"rulesName\":null,\"fieldList\":[{\"id\":11015,\"showName\":null,\"fieldId\":10217,\"fieldName\":\"TJXX_180d_loanlasttime_nonbank\",\"rulesId\":11,\"conditionId\":710,\"operator\":\"->=\",\"describ\":\"最近放款时间-近180天大于等于140\",\"active\":1,\"verify\":1,\"addUser\":\"北京集奥集合\",\"addTime\":1527766394000,\"value\":null,\"valueDesc\":null,\"uniqueCode\":1,\"fieldType\":\"datetime\",\"parameter\":\"140\",\"fieldTypeId\":3,\"pageSize\":null,\"pageNo\":null,\"fieldRawName\":null}]},{\"id\":711,\"name\":\"申请次数大于等于20次\",\"ruleId\":10551,\"rulesId\":11,\"fieldRelationship\":\"11016\",\"describ\":\"申请次数大于等于20次\",\"active\":1,\"verify\":1,\"addUser\":\"北京集奥集合\",\"addTime\":1527766420000,\"uniqueCode\":1,\"pageSize\":null,\"pageNo\":null,\"ruleName\":null,\"rulesName\":null,\"fieldList\":[{\"id\":11016,\"showName\":null,\"fieldId\":10316,\"fieldName\":\"TJXX_apptimes_nonbank\",\"rulesId\":11,\"conditionId\":711,\"operator\":\">=\",\"describ\":\"申请次数大于等于20次\",\"active\":1,\"verify\":1,\"addUser\":\"北京集奥集合\",\"addTime\":1527766442000,\"value\":null,\"valueDesc\":null,\"uniqueCode\":1,\"fieldType\":\"int\",\"parameter\":\"20\",\"fieldTypeId\":1,\"pageSize\":null,\"pageNo\":null,\"fieldRawName\":null}]}]}],\"typeName\":null,\"sceneName\":null,\"whiteFilter\":null,\"blackFilter\":null,\"eventStatEntry\":null}',2,0,'北京集奥聚合','2018-06-01 10:20:48','反欺诈评分',NULL,'v1.0.0','反欺诈评分'),
	(10007,'{\"id\":7,\"name\":\"手机行为及运营商数据查验\",\"businessId\":10004,\"senceId\":10003,\"matchType\":1,\"threshold\":null,\"thresholdMin\":100,\"thresholdMax\":150,\"describ\":\"\",\"verify\":0,\"active\":0,\"addUser\":\"北京集奥集合\",\"addTime\":1529046056000,\"pageSize\":null,\"pageNo\":null,\"uniqueCode\":1,\"parameters\":{\"realName\":\"姓名\",\"liveLongitude\":\"居住地地址（精确到门牌号）\",\"idNumber\":\"身份证号\",\"workLongitude\":\"工作地地址（精确到门牌号）\",\"cid\":\"手机号\"},\"ruleList\":[{\"id\":40,\"name\":\"手机三要素验证不一致\",\"rulesId\":10155,\"decision\":\"\",\"threshold\":100,\"level\":3,\"conditionNumber\":1,\"describ\":null,\"active\":1,\"verify\":0,\"addUser\":\"北京集奥集合\",\"addTime\":1529046056000,\"conditionRelationship\":\"34\",\"uniqueCode\":1,\"pageSize\":null,\"pageNo\":null,\"rulesName\":null,\"ruleCode\":\"10001\",\"result\":null,\"ruleHitNum\":null,\"ruleHitRate\":null,\"conditionsList\":[{\"id\":34,\"name\":\"手机三要素验证不一致\",\"ruleId\":40,\"rulesId\":10155,\"fieldRelationship\":\"54\",\"describ\":\"判断手机号、姓名、身份证号是否一致\",\"active\":1,\"verify\":1,\"addUser\":\"北京集奥集合\",\"addTime\":1529046056000,\"uniqueCode\":1,\"pageSize\":null,\"pageNo\":null,\"ruleName\":null,\"rulesName\":null,\"fieldList\":[{\"id\":54,\"showName\":null,\"fieldId\":10006,\"fieldName\":\"IdPhoneNameValidate\",\"rulesId\":10155,\"conditionId\":34,\"operator\":\"!=\",\"describ\":\"手机号姓名身份证号验证\",\"active\":1,\"verify\":1,\"addUser\":\"北京集奥集合\",\"addTime\":1529046056000,\"value\":null,\"valueDesc\":null,\"uniqueCode\":1,\"fieldType\":\"string\",\"parameter\":\"0\",\"fieldTypeId\":2,\"pageSize\":null,\"pageNo\":null,\"fieldRawName\":null,\"result\":null,\"fieldHitNum\":null,\"fieldHitRate\":null}],\"result\":null}]},{\"id\":41,\"name\":\"手机在网时长小于6个月\",\"rulesId\":10155,\"decision\":\"\",\"threshold\":100,\"level\":3,\"conditionNumber\":1,\"describ\":null,\"active\":1,\"verify\":0,\"addUser\":\"北京集奥集合\",\"addTime\":1529046056000,\"conditionRelationship\":\"35\",\"uniqueCode\":1,\"pageSize\":null,\"pageNo\":null,\"rulesName\":null,\"ruleCode\":\"10002\",\"result\":null,\"ruleHitNum\":null,\"ruleHitRate\":null,\"conditionsList\":[{\"id\":35,\"name\":\"手机号在网时长小于6个月\",\"ruleId\":41,\"rulesId\":10155,\"fieldRelationship\":\"55&&56\",\"describ\":\"判断手机号在网时长\",\"active\":1,\"verify\":1,\"addUser\":\"北京集奥集合\",\"addTime\":1529046056000,\"uniqueCode\":1,\"pageSize\":null,\"pageNo\":null,\"ruleName\":null,\"rulesName\":null,\"fieldList\":[{\"id\":55,\"showName\":null,\"fieldId\":10004,\"fieldName\":\"onlineTime\",\"rulesId\":10155,\"conditionId\":35,\"operator\":\"==\",\"describ\":\"在网时长\",\"active\":1,\"verify\":1,\"addUser\":\"北京集奥集合\",\"addTime\":1529046056000,\"value\":null,\"valueDesc\":null,\"uniqueCode\":1,\"fieldType\":\"string\",\"parameter\":\"03\",\"fieldTypeId\":2,\"pageSize\":null,\"pageNo\":null,\"fieldRawName\":null,\"result\":null,\"fieldHitNum\":null,\"fieldHitRate\":null},{\"id\":56,\"showName\":null,\"fieldId\":10004,\"fieldName\":\"onlineTime\",\"rulesId\":10155,\"conditionId\":35,\"operator\":\"==\",\"describ\":\"在网时长\",\"active\":1,\"verify\":1,\"addUser\":\"北京集奥集合\",\"addTime\":1529046056000,\"value\":null,\"valueDesc\":null,\"uniqueCode\":1,\"fieldType\":\"string\",\"parameter\":\"04\",\"fieldTypeId\":2,\"pageSize\":null,\"pageNo\":null,\"fieldRawName\":null,\"result\":null,\"fieldHitNum\":null,\"fieldHitRate\":null}],\"result\":null}]},{\"id\":42,\"name\":\"手机状态为不在网、不可用、销号\",\"rulesId\":10155,\"decision\":\"\",\"threshold\":100,\"level\":3,\"conditionNumber\":1,\"describ\":null,\"active\":1,\"verify\":0,\"addUser\":\"北京集奥集合\",\"addTime\":1529046056000,\"conditionRelationship\":\"36\",\"uniqueCode\":1,\"pageSize\":null,\"pageNo\":null,\"rulesName\":null,\"ruleCode\":\"10003\",\"result\":null,\"ruleHitNum\":null,\"ruleHitRate\":null,\"conditionsList\":[{\"id\":36,\"name\":\"手机号状态为不在网、不可用、销号\",\"ruleId\":42,\"rulesId\":10155,\"fieldRelationship\":\"57||58||59\",\"describ\":\"判断手机号状态\",\"active\":1,\"verify\":1,\"addUser\":\"北京集奥集合\",\"addTime\":1529046056000,\"uniqueCode\":1,\"pageSize\":null,\"pageNo\":null,\"ruleName\":null,\"rulesName\":null,\"fieldList\":[{\"id\":57,\"showName\":null,\"fieldId\":10005,\"fieldName\":\"onlineStatus\",\"rulesId\":10155,\"conditionId\":36,\"operator\":\"==\",\"describ\":\"不在网\",\"active\":1,\"verify\":1,\"addUser\":\"北京集奥集合\",\"addTime\":1529046056000,\"value\":null,\"valueDesc\":null,\"uniqueCode\":1,\"fieldType\":\"string\",\"parameter\":\"3\",\"fieldTypeId\":2,\"pageSize\":null,\"pageNo\":null,\"fieldRawName\":null,\"result\":null,\"fieldHitNum\":null,\"fieldHitRate\":null},{\"id\":58,\"showName\":null,\"fieldId\":10005,\"fieldName\":\"onlineStatus\",\"rulesId\":10155,\"conditionId\":36,\"operator\":\"==\",\"describ\":\"不可用\",\"active\":1,\"verify\":1,\"addUser\":\"北京集奥集合\",\"addTime\":1529046056000,\"value\":null,\"valueDesc\":null,\"uniqueCode\":1,\"fieldType\":\"string\",\"parameter\":\"2\",\"fieldTypeId\":2,\"pageSize\":null,\"pageNo\":null,\"fieldRawName\":null,\"result\":null,\"fieldHitNum\":null,\"fieldHitRate\":null},{\"id\":59,\"showName\":null,\"fieldId\":10005,\"fieldName\":\"onlineStatus\",\"rulesId\":10155,\"conditionId\":36,\"operator\":\"==\",\"describ\":\"预销户\",\"active\":1,\"verify\":1,\"addUser\":\"北京集奥集合\",\"addTime\":1529046056000,\"value\":null,\"valueDesc\":null,\"uniqueCode\":1,\"fieldType\":\"string\",\"parameter\":\"4\",\"fieldTypeId\":2,\"pageSize\":null,\"pageNo\":null,\"fieldRawName\":null,\"result\":null,\"fieldHitNum\":null,\"fieldHitRate\":null}],\"result\":null}]},{\"id\":43,\"name\":\"手机号状态为停机\",\"rulesId\":10155,\"decision\":\"\",\"threshold\":50,\"level\":2,\"conditionNumber\":1,\"describ\":null,\"active\":1,\"verify\":0,\"addUser\":\"北京集奥集合\",\"addTime\":1529046056000,\"conditionRelationship\":\"37\",\"uniqueCode\":1,\"pageSize\":null,\"pageNo\":null,\"rulesName\":null,\"ruleCode\":\"10004\",\"result\":null,\"ruleHitNum\":null,\"ruleHitRate\":null,\"conditionsList\":[{\"id\":37,\"name\":\"手机号状态为停机\",\"ruleId\":43,\"rulesId\":10155,\"fieldRelationship\":\"60\",\"describ\":\"判断手机号状态\",\"active\":1,\"verify\":1,\"addUser\":\"北京集奥集合\",\"addTime\":1529046056000,\"uniqueCode\":1,\"pageSize\":null,\"pageNo\":null,\"ruleName\":null,\"rulesName\":null,\"fieldList\":[{\"id\":60,\"showName\":null,\"fieldId\":10005,\"fieldName\":\"onlineStatus\",\"rulesId\":10155,\"conditionId\":37,\"operator\":\"==\",\"describ\":\"停机\",\"active\":1,\"verify\":1,\"addUser\":\"北京集奥集合\",\"addTime\":1529046056000,\"value\":null,\"valueDesc\":null,\"uniqueCode\":1,\"fieldType\":\"string\",\"parameter\":\"1\",\"fieldTypeId\":2,\"pageSize\":null,\"pageNo\":null,\"fieldRawName\":null,\"result\":null,\"fieldHitNum\":null,\"fieldHitRate\":null}],\"result\":null}]},{\"id\":44,\"name\":\"手机号码消费档次月均为0元\",\"rulesId\":10155,\"decision\":\"\",\"threshold\":100,\"level\":3,\"conditionNumber\":1,\"describ\":null,\"active\":1,\"verify\":0,\"addUser\":\"北京集奥集合\",\"addTime\":1529046056000,\"conditionRelationship\":\"38\",\"uniqueCode\":1,\"pageSize\":null,\"pageNo\":null,\"rulesName\":null,\"ruleCode\":\"10005\",\"result\":null,\"ruleHitNum\":null,\"ruleHitRate\":null,\"conditionsList\":[{\"id\":38,\"name\":\"手机号码消费档次月均为0元\",\"ruleId\":44,\"rulesId\":10155,\"fieldRelationship\":\"61\",\"describ\":\"判断手机号消费档次\",\"active\":1,\"verify\":1,\"addUser\":\"北京集奥集合\",\"addTime\":1529046056000,\"uniqueCode\":1,\"pageSize\":null,\"pageNo\":null,\"ruleName\":null,\"rulesName\":null,\"fieldList\":[{\"id\":61,\"showName\":null,\"fieldId\":10013,\"fieldName\":\"consumerGradePlus\",\"rulesId\":10155,\"conditionId\":38,\"operator\":\"==\",\"describ\":\"消费档次\",\"active\":1,\"verify\":1,\"addUser\":\"北京集奥集合\",\"addTime\":1529046056000,\"value\":null,\"valueDesc\":null,\"uniqueCode\":1,\"fieldType\":\"string\",\"parameter\":\"010\",\"fieldTypeId\":2,\"pageSize\":null,\"pageNo\":null,\"fieldRawName\":null,\"result\":null,\"fieldHitNum\":null,\"fieldHitRate\":null}],\"result\":null}]},{\"id\":45,\"name\":\"手机号自然人接入号码个数\",\"rulesId\":10155,\"decision\":\"\",\"threshold\":50,\"level\":2,\"conditionNumber\":1,\"describ\":null,\"active\":1,\"verify\":0,\"addUser\":\"北京集奥集合\",\"addTime\":1529046056000,\"conditionRelationship\":\"39\",\"uniqueCode\":1,\"pageSize\":null,\"pageNo\":null,\"rulesName\":null,\"ruleCode\":\"10006\",\"result\":null,\"ruleHitNum\":null,\"ruleHitRate\":null,\"conditionsList\":[{\"id\":39,\"name\":\"手机号自然人接入号码个数大于2\",\"ruleId\":45,\"rulesId\":10155,\"fieldRelationship\":\"62\",\"describ\":\"判断进件手机号自然人号码个数\",\"active\":1,\"verify\":1,\"addUser\":\"北京集奥集合\",\"addTime\":1529046056000,\"uniqueCode\":1,\"pageSize\":null,\"pageNo\":null,\"ruleName\":null,\"rulesName\":null,\"fieldList\":[{\"id\":62,\"showName\":null,\"fieldId\":10454,\"fieldName\":\"ownPhoneNumber\",\"rulesId\":10155,\"conditionId\":39,\"operator\":\">\",\"describ\":\"手机号自然人接入手机号个数\",\"active\":1,\"verify\":1,\"addUser\":\"北京集奥集合\",\"addTime\":1529046056000,\"value\":null,\"valueDesc\":null,\"uniqueCode\":1,\"fieldType\":\"int\",\"parameter\":\"1\",\"fieldTypeId\":1,\"pageSize\":null,\"pageNo\":null,\"fieldRawName\":null,\"result\":null,\"fieldHitNum\":null,\"fieldHitRate\":null}],\"result\":null}]},{\"id\":46,\"name\":\"手机号近3个月停机次数大于0次小于等于3次\",\"rulesId\":10155,\"decision\":\"\",\"threshold\":50,\"level\":2,\"conditionNumber\":1,\"describ\":null,\"active\":1,\"verify\":0,\"addUser\":\"北京集奥集合\",\"addTime\":1529046056000,\"conditionRelationship\":\"40\",\"uniqueCode\":1,\"pageSize\":null,\"pageNo\":null,\"rulesName\":null,\"ruleCode\":\"10007\",\"result\":null,\"ruleHitNum\":null,\"ruleHitRate\":null,\"conditionsList\":[{\"id\":40,\"name\":\"手机号近3个月停机次数大于0次小于等于3次\",\"ruleId\":46,\"rulesId\":10155,\"fieldRelationship\":\"63&&64\",\"describ\":\"判断手机号近3个月停机次数\",\"active\":1,\"verify\":1,\"addUser\":\"北京集奥集合\",\"addTime\":1529046056000,\"uniqueCode\":1,\"pageSize\":null,\"pageNo\":null,\"ruleName\":null,\"rulesName\":null,\"fieldList\":[{\"id\":63,\"showName\":null,\"fieldId\":10007,\"fieldName\":\"outOfServiceTimes\",\"rulesId\":10155,\"conditionId\":40,\"operator\":\">\",\"describ\":\"停机次数\",\"active\":1,\"verify\":1,\"addUser\":\"北京集奥集合\",\"addTime\":1529046056000,\"value\":null,\"valueDesc\":null,\"uniqueCode\":1,\"fieldType\":\"int\",\"parameter\":\"0\",\"fieldTypeId\":1,\"pageSize\":null,\"pageNo\":null,\"fieldRawName\":null,\"result\":null,\"fieldHitNum\":null,\"fieldHitRate\":null},{\"id\":64,\"showName\":null,\"fieldId\":10007,\"fieldName\":\"outOfServiceTimes\",\"rulesId\":10155,\"conditionId\":40,\"operator\":\"<=\",\"describ\":\"停机次数\",\"active\":1,\"verify\":1,\"addUser\":\"北京集奥集合\",\"addTime\":1529046056000,\"value\":null,\"valueDesc\":null,\"uniqueCode\":1,\"fieldType\":\"int\",\"parameter\":\"3\",\"fieldTypeId\":1,\"pageSize\":null,\"pageNo\":null,\"fieldRawName\":null,\"result\":null,\"fieldHitNum\":null,\"fieldHitRate\":null}],\"result\":null}]},{\"id\":47,\"name\":\"手机号近3个月停机次数大于3次\",\"rulesId\":10155,\"decision\":\"\",\"threshold\":100,\"level\":3,\"conditionNumber\":1,\"describ\":null,\"active\":1,\"verify\":0,\"addUser\":\"北京集奥集合\",\"addTime\":1529046056000,\"conditionRelationship\":\"41\",\"uniqueCode\":1,\"pageSize\":null,\"pageNo\":null,\"rulesName\":null,\"ruleCode\":\"10008\",\"result\":null,\"ruleHitNum\":null,\"ruleHitRate\":null,\"conditionsList\":[{\"id\":41,\"name\":\"手机号近3个月停机次数大于3次\",\"ruleId\":47,\"rulesId\":10155,\"fieldRelationship\":\"65\",\"describ\":\"判断手机号近3个月停机次数\",\"active\":1,\"verify\":1,\"addUser\":\"北京集奥集合\",\"addTime\":1529046056000,\"uniqueCode\":1,\"pageSize\":null,\"pageNo\":null,\"ruleName\":null,\"rulesName\":null,\"fieldList\":[{\"id\":65,\"showName\":null,\"fieldId\":10007,\"fieldName\":\"outOfServiceTimes\",\"rulesId\":10155,\"conditionId\":41,\"operator\":\">\",\"describ\":\"停机次数\",\"active\":1,\"verify\":1,\"addUser\":\"北京集奥集合\",\"addTime\":1529046056000,\"value\":null,\"valueDesc\":null,\"uniqueCode\":1,\"fieldType\":\"int\",\"parameter\":\"3\",\"fieldTypeId\":1,\"pageSize\":null,\"pageNo\":null,\"fieldRawName\":null,\"result\":null,\"fieldHitNum\":null,\"fieldHitRate\":null}],\"result\":null}]},{\"id\":49,\"name\":\"家庭地址比对不一致\",\"rulesId\":10155,\"decision\":\"\",\"threshold\":50,\"level\":2,\"conditionNumber\":1,\"describ\":null,\"active\":1,\"verify\":0,\"addUser\":\"北京集奥集合\",\"addTime\":1529046057000,\"conditionRelationship\":\"43\",\"uniqueCode\":1,\"pageSize\":null,\"pageNo\":null,\"rulesName\":null,\"ruleCode\":\"10010\",\"result\":null,\"ruleHitNum\":null,\"ruleHitRate\":null,\"conditionsList\":[{\"id\":43,\"name\":\"家庭地址比对不一致\",\"ruleId\":49,\"rulesId\":10155,\"fieldRelationship\":\"67\",\"describ\":\"家庭地址判断\",\"active\":1,\"verify\":1,\"addUser\":\"北京集奥集合\",\"addTime\":1529046057000,\"uniqueCode\":1,\"pageSize\":null,\"pageNo\":null,\"ruleName\":null,\"rulesName\":null,\"fieldList\":[{\"id\":67,\"showName\":null,\"fieldId\":10016,\"fieldName\":\"residenceValidate\",\"rulesId\":10155,\"conditionId\":43,\"operator\":\"!=\",\"describ\":\"家庭地址对比\",\"active\":1,\"verify\":1,\"addUser\":\"北京集奥集合\",\"addTime\":1529046057000,\"value\":null,\"valueDesc\":null,\"uniqueCode\":1,\"fieldType\":\"string\",\"parameter\":\"1\",\"fieldTypeId\":2,\"pageSize\":null,\"pageNo\":null,\"fieldRawName\":null,\"result\":null,\"fieldHitNum\":null,\"fieldHitRate\":null}],\"result\":null}]},{\"id\":50,\"name\":\"单位地址比对不一致\",\"rulesId\":10155,\"decision\":\"\",\"threshold\":50,\"level\":2,\"conditionNumber\":1,\"describ\":null,\"active\":1,\"verify\":0,\"addUser\":\"北京集奥集合\",\"addTime\":1529046057000,\"conditionRelationship\":\"44\",\"uniqueCode\":1,\"pageSize\":null,\"pageNo\":null,\"rulesName\":null,\"ruleCode\":\"10011\",\"result\":null,\"ruleHitNum\":null,\"ruleHitRate\":null,\"conditionsList\":[{\"id\":44,\"name\":\"单位地址比对不一致\",\"ruleId\":50,\"rulesId\":10155,\"fieldRelationship\":\"68\",\"describ\":\"判断单位地址\",\"active\":1,\"verify\":1,\"addUser\":\"北京集奥集合\",\"addTime\":1529046057000,\"uniqueCode\":1,\"pageSize\":null,\"pageNo\":null,\"ruleName\":null,\"rulesName\":null,\"fieldList\":[{\"id\":68,\"showName\":null,\"fieldId\":10015,\"fieldName\":\"workPlaceValidate\",\"rulesId\":10155,\"conditionId\":44,\"operator\":\"!=\",\"describ\":\"单位地址对比\",\"active\":1,\"verify\":1,\"addUser\":\"北京集奥集合\",\"addTime\":1529046057000,\"value\":null,\"valueDesc\":null,\"uniqueCode\":1,\"fieldType\":\"string\",\"parameter\":\"1\",\"fieldTypeId\":2,\"pageSize\":null,\"pageNo\":null,\"fieldRawName\":null,\"result\":null,\"fieldHitNum\":null,\"fieldHitRate\":null}],\"result\":null}]},{\"id\":51,\"name\":\"手机号为出境状态\",\"rulesId\":10155,\"decision\":\"\",\"threshold\":50,\"level\":2,\"conditionNumber\":1,\"describ\":null,\"active\":1,\"verify\":0,\"addUser\":\"北京集奥集合\",\"addTime\":1529046057000,\"conditionRelationship\":\"45\",\"uniqueCode\":1,\"pageSize\":null,\"pageNo\":null,\"rulesName\":null,\"ruleCode\":\"10012\",\"result\":null,\"ruleHitNum\":null,\"ruleHitRate\":null,\"conditionsList\":[{\"id\":45,\"name\":\"手机号为出境状态\",\"ruleId\":51,\"rulesId\":10155,\"fieldRelationship\":\"69\",\"describ\":\"判断手机号是否为出境\",\"active\":1,\"verify\":1,\"addUser\":\"北京集奥集合\",\"addTime\":1529046057000,\"uniqueCode\":1,\"pageSize\":null,\"pageNo\":null,\"ruleName\":null,\"rulesName\":null,\"fieldList\":[{\"id\":69,\"showName\":null,\"fieldId\":10455,\"fieldName\":\"phoneDepartStatus\",\"rulesId\":10155,\"conditionId\":45,\"operator\":\"==\",\"describ\":\"手机号码为出境状态\",\"active\":1,\"verify\":1,\"addUser\":\"北京集奥集合\",\"addTime\":1529046057000,\"value\":null,\"valueDesc\":null,\"uniqueCode\":1,\"fieldType\":\"int\",\"parameter\":\"1\",\"fieldTypeId\":1,\"pageSize\":null,\"pageNo\":null,\"fieldRawName\":null,\"result\":null,\"fieldHitNum\":null,\"fieldHitRate\":null}],\"result\":null}]}],\"typeName\":null,\"sceneName\":null,\"whiteFilter\":null,\"blackFilter\":null,\"eventStatEntry\":null,\"result\":null}',0,0,'北京集奥聚合','2018-06-15 15:29:42','手机行为及运营商数据查验第三版',NULL,'v1.1.2','手机行为及运营商数据查验');

/*!40000 ALTER TABLE `templates` ENABLE KEYS */;
UNLOCK TABLES;






ALTER TABLE api_event_entry ADD expend_time INT(11);
ALTER TABLE api_event_entry ADD source_time INT(11) ;
ALTER TABLE api_event_entry ADD engine_time INT(11) ;
ALTER TABLE api_event_entry ADD else_time INT(11) ;


/*!40111 SET SQL_NOTES=@OLD_SQL_NOTES */;
/*!40101 SET SQL_MODE=@OLD_SQL_MODE */;
/*!40014 SET FOREIGN_KEY_CHECKS=@OLD_FOREIGN_KEY_CHECKS */;
/*!40101 SET CHARACTER_SET_CLIENT=@OLD_CHARACTER_SET_CLIENT */;
/*!40101 SET CHARACTER_SET_RESULTS=@OLD_CHARACTER_SET_RESULTS */;
/*!40101 SET COLLATION_CONNECTION=@OLD_COLLATION_CONNECTION */;
